system,node_name,release,version,machine,processor,physical_cores,total_cores,total_memory,available_memory,start_time,nb_input_graphs,duration_embedding,nb_node_features,subpipeline_name,index,pipeline_name,input_mem2graph_dataset_dir_path,node_embedding,node2vec_dimensions,node2vec_walk_length,node2vec_num_walks,node2vec_p,node2vec_q,node2vec_window,node2vec_batch_words,node2vec_workers,first_gcn_training_epochs,imbalance_ratio,precision_class_0,recall_class_0,f1_score_class_0,support_class_0,precision_class_1,recall_class_1,f1_score_class_1,support_class_1,true_positives,true_negatives,false_positives,false_negatives,AUC,duration_train_test
Linux,rascoussie,5.4.0-165-generic,#182-Ubuntu SMP Mon Oct 2 19:43:28 UTC 2023,x86_64,x86_64,40,80,540661145600,228816506880,2023_10_27_14_36_00_206361,16,1118.776647 total sec (00h 18m 38s),128,simple-gcn-pipeline,3,gcn-pipeline,/root/phdtrack/mem2graph/data/3_graph_with_embedding_comments_-v_-a_chunk-header-node_-c_chunk-semantic-embedding_-e_only-max-entropy_-s_activate,node2vec,128,16,50,0.5,0.5,10,8,16,20,214.13333333333333,0.9970012626262627,0.9833437110834371,0.9901253918495297,6424.0,0.09322033898305085,0.36666666666666664,0.14864864864864866,30.0,11,6317,107,19,0.6750051888750519,5.54147 total sec (00h 00m 05s)
Linux,rascoussie,5.4.0-165-generic,#182-Ubuntu SMP Mon Oct 2 19:43:28 UTC 2023,x86_64,x86_64,40,80,540661145600,360900562944,2023_10_27_14_55_36_489114,16,1169.960506 total sec (00h 19m 29s),128,simple-gcn-pipeline,7,gcn-pipeline,/root/phdtrack/mem2graph/data/3_graph_with_embedding_comments_-v_-a_chunk-header-node_-c_chunk-semantic-embedding_-e_only-max-entropy_-s_activate,node2vec,128,16,50,0.5,1.0,10,8,16,20,214.13333333333333,0.9976231975915069,0.9800747198007472,0.9887711032587357,6424.0,0.1048951048951049,0.5,0.17341040462427745,30.0,15,6296,128,15,0.7400373599003737,1.099938 total sec (00h 00m 01s)
Linux,rascoussie,5.4.0-165-generic,#182-Ubuntu SMP Mon Oct 2 19:43:28 UTC 2023,x86_64,x86_64,40,80,540661145600,360900562944,2023_10_27_14_55_36_513213,16,1191.85076 total sec (00h 19m 51s),128,simple-gcn-pipeline,11,gcn-pipeline,/root/phdtrack/mem2graph/data/3_graph_with_embedding_comments_-v_-a_chunk-header-node_-c_chunk-semantic-embedding_-e_only-max-entropy_-s_activate,node2vec,128,16,50,0.5,1.5,10,8,16,20,214.13333333333333,0.9976617303195635,0.9962640099626401,0.9969623802476829,6424.0,0.38461538461538464,0.5,0.4347826086956522,30.0,15,6400,24,15,0.74813200498132,1.578219 total sec (00h 00m 01s)
Linux,rascoussie,5.4.0-165-generic,#182-Ubuntu SMP Mon Oct 2 19:43:28 UTC 2023,x86_64,x86_64,40,80,540661145600,410437173248,2023_10_27_15_16_00_143039,16,1166.760833 total sec (00h 19m 26s),128,simple-gcn-pipeline,15,gcn-pipeline,/root/phdtrack/mem2graph/data/3_graph_with_embedding_comments_-v_-a_chunk-header-node_-c_chunk-semantic-embedding_-e_only-max-entropy_-s_activate,node2vec,128,16,50,1.0,0.5,10,8,16,20,214.13333333333333,0.9960518003790272,0.9817870485678705,0.9888679836939479,6424.0,0.040983606557377046,0.16666666666666666,0.06578947368421052,30.0,5,6307,117,25,0.5742268576172687,0.981298 total sec (00h 00m 00s)
Linux,rascoussie,5.4.0-165-generic,#182-Ubuntu SMP Mon Oct 2 19:43:28 UTC 2023,x86_64,x86_64,40,80,540661145600,362592862208,2023_10_27_15_36_20_377008,16,1180.116855 total sec (00h 19m 40s),128,simple-gcn-pipeline,23,gcn-pipeline,/root/phdtrack/mem2graph/data/3_graph_with_embedding_comments_-v_-a_chunk-header-node_-c_chunk-semantic-embedding_-e_only-max-entropy_-s_activate,node2vec,128,16,50,1.0,1.5,10,8,16,20,214.13333333333333,0.9970238095238095,0.9908156911581569,0.9939100562148657,6424.0,0.15714285714285714,0.36666666666666664,0.22,30.0,11,6365,59,19,0.6787411789124118,2.704617 total sec (00h 00m 02s)
Linux,rascoussie,5.4.0-165-generic,#182-Ubuntu SMP Mon Oct 2 19:43:28 UTC 2023,x86_64,x86_64,40,80,540661145600,362591313920,2023_10_27_15_36_20_379129,16,1180.456468 total sec (00h 19m 40s),128,simple-gcn-pipeline,19,gcn-pipeline,/root/phdtrack/mem2graph/data/3_graph_with_embedding_comments_-v_-a_chunk-header-node_-c_chunk-semantic-embedding_-e_only-max-entropy_-s_activate,node2vec,128,16,50,1.0,1.0,10,8,16,20,214.13333333333333,0.9976269577598481,0.9816313823163139,0.9895645351118085,6424.0,0.11278195488721804,0.5,0.18404907975460125,30.0,15,6306,118,15,0.7408156911581569,7.256337 total sec (00h 00m 07s)
Linux,rascoussie,5.4.0-165-generic,#182-Ubuntu SMP Mon Oct 2 19:43:28 UTC 2023,x86_64,x86_64,40,80,540661145600,384359219200,2023_10_27_15_56_49_841095,16,1158.268029 total sec (00h 19m 18s),128,simple-gcn-pipeline,27,gcn-pipeline,/root/phdtrack/mem2graph/data/3_graph_with_embedding_comments_-v_-a_chunk-header-node_-c_chunk-semantic-embedding_-e_only-max-entropy_-s_activate,node2vec,128,16,50,1.5,0.5,10,8,16,20,214.13333333333333,0.9966923925027563,0.9850560398505604,0.9908400532372974,6424.0,0.08571428571428572,0.3,0.13333333333333333,30.0,9,6328,96,21,0.6425280199252803,0.91944 total sec (00h 00m 00s)
Linux,rascoussie,5.4.0-165-generic,#182-Ubuntu SMP Mon Oct 2 19:43:28 UTC 2023,x86_64,x86_64,40,80,540661145600,366181142528,2023_10_27_16_16_50_863548,16,1176.299556 total sec (00h 19m 36s),128,simple-gcn-pipeline,35,gcn-pipeline,/root/phdtrack/mem2graph/data/3_graph_with_embedding_comments_-v_-a_chunk-header-node_-c_chunk-semantic-embedding_-e_only-max-entropy_-s_activate,node2vec,128,16,50,1.5,1.5,10,8,16,20,214.13333333333333,0.9956454121306376,0.9965753424657534,0.9961101602613972,6424.0,0.08333333333333333,0.06666666666666667,0.07407407407407407,30.0,2,6402,22,28,0.5316210045662101,1.302691 total sec (00h 00m 01s)
Linux,rascoussie,5.4.0-165-generic,#182-Ubuntu SMP Mon Oct 2 19:43:28 UTC 2023,x86_64,x86_64,40,80,540661145600,366181142528,2023_10_27_16_16_50_860432,16,1177.704405 total sec (00h 19m 37s),128,simple-gcn-pipeline,31,gcn-pipeline,/root/phdtrack/mem2graph/data/3_graph_with_embedding_comments_-v_-a_chunk-header-node_-c_chunk-semantic-embedding_-e_only-max-entropy_-s_activate,node2vec,128,16,50,1.5,1.0,10,8,16,20,214.13333333333333,0.9964556962025316,0.9190535491905355,0.9561907846789214,6424.0,0.017013232514177693,0.3,0.03220035778175313,30.0,9,5904,520,21,0.6095267745952678,9.59957 total sec (00h 00m 09s)
Linux,rascoussie,5.4.0-165-generic,#182-Ubuntu SMP Mon Oct 2 19:43:28 UTC 2023,x86_64,x86_64,40,80,540661145600,389650915328,2023_10_27_16_37_16_697318,16,1450.278591 total sec (00h 24m 10s),128,simple-gcn-pipeline,39,gcn-pipeline,/root/phdtrack/mem2graph/data/4_graph_with_embedding_comments_-v_-a_chunk-header-node_-c_chunk-statistic-embedding_-e_only-max-entropy_-s_activate,node2vec,128,16,50,0.5,0.5,10,8,16,20,222.66666666666666,0.9981558321807285,0.9723053892215568,0.9850610449685296,6680.0,0.08866995073891626,0.6,0.15450643776824036,30.0,18,6495,185,12,0.7861526946107784,1.262188 total sec (00h 00m 01s)
Linux,rascoussie,5.4.0-165-generic,#182-Ubuntu SMP Mon Oct 2 19:43:28 UTC 2023,x86_64,x86_64,40,80,540661145600,390884061184,2023_10_27_17_02_03_798628,16,1468.548995 total sec (00h 24m 28s),128,simple-gcn-pipeline,47,gcn-pipeline,/root/phdtrack/mem2graph/data/4_graph_with_embedding_comments_-v_-a_chunk-header-node_-c_chunk-statistic-embedding_-e_only-max-entropy_-s_activate,node2vec,128,16,50,0.5,1.5,10,8,16,20,222.66666666666666,0.9990756431982746,0.9708083832335329,0.984739199757042,6680.0,0.1095890410958904,0.8,0.19277108433734938,30.0,24,6485,195,6,0.8854041916167665,1.02266 total sec (00h 00m 01s)
Linux,rascoussie,5.4.0-165-generic,#182-Ubuntu SMP Mon Oct 2 19:43:28 UTC 2023,x86_64,x86_64,40,80,540661145600,390884577280,2023_10_27_17_02_03_792694,16,1476.463853 total sec (00h 24m 36s),128,simple-gcn-pipeline,43,gcn-pipeline,/root/phdtrack/mem2graph/data/4_graph_with_embedding_comments_-v_-a_chunk-header-node_-c_chunk-statistic-embedding_-e_only-max-entropy_-s_activate,node2vec,128,16,50,0.5,1.0,10,8,16,20,222.66666666666666,0.9978710462287105,0.9823353293413174,0.9900422450211225,6680.0,0.11940298507462686,0.5333333333333333,0.19512195121951217,30.0,16,6562,118,14,0.7578343313373254,1.048658 total sec (00h 00m 01s)
Linux,rascoussie,5.4.0-165-generic,#182-Ubuntu SMP Mon Oct 2 19:43:28 UTC 2023,x86_64,x86_64,40,80,540661145600,366465572864,2023_10_27_17_27_25_497574,16,1464.171701 total sec (00h 24m 24s),128,simple-gcn-pipeline,51,gcn-pipeline,/root/phdtrack/mem2graph/data/4_graph_with_embedding_comments_-v_-a_chunk-header-node_-c_chunk-statistic-embedding_-e_only-max-entropy_-s_activate,node2vec,128,16,50,1.0,0.5,10,8,16,20,222.66666666666666,0.9992289899768697,0.9700598802395209,0.9844284086593239,6680.0,0.1111111111111111,0.8333333333333334,0.19607843137254902,30.0,25,6480,200,5,0.9016966067864273,1.045755 total sec (00h 00m 01s)
Linux,rascoussie,5.4.0-165-generic,#182-Ubuntu SMP Mon Oct 2 19:43:28 UTC 2023,x86_64,x86_64,40,80,540661145600,367392444416,2023_10_27_17_52_34_628449,16,1455.463289 total sec (00h 24m 15s),128,simple-gcn-pipeline,59,gcn-pipeline,/root/phdtrack/mem2graph/data/4_graph_with_embedding_comments_-v_-a_chunk-header-node_-c_chunk-statistic-embedding_-e_only-max-entropy_-s_activate,node2vec,128,16,50,1.0,1.5,10,8,16,20,222.66666666666666,0.9995174521473379,0.9302395209580838,0.9636349538652399,6680.0,0.05476673427991886,0.9,0.10325047801147227,30.0,27,6214,466,3,0.9151197604790419,3.852106 total sec (00h 00m 03s)
Linux,rascoussie,5.4.0-165-generic,#182-Ubuntu SMP Mon Oct 2 19:43:28 UTC 2023,x86_64,x86_64,40,80,540661145600,367392444416,2023_10_27_17_52_34_628135,16,1457.392929 total sec (00h 24m 17s),128,simple-gcn-pipeline,55,gcn-pipeline,/root/phdtrack/mem2graph/data/4_graph_with_embedding_comments_-v_-a_chunk-header-node_-c_chunk-statistic-embedding_-e_only-max-entropy_-s_activate,node2vec,128,16,50,1.0,1.0,10,8,16,20,222.66666666666666,0.99892605093587,0.9747005988023952,0.9866646461585088,6680.0,0.11979166666666667,0.7666666666666667,0.20720720720720723,30.0,23,6511,169,7,0.870683632734531,1.401274 total sec (00h 00m 01s)
Linux,rascoussie,5.4.0-165-generic,#182-Ubuntu SMP Mon Oct 2 19:43:28 UTC 2023,x86_64,x86_64,40,80,540661145600,389984538624,2023_10_27_18_17_36_236220,16,1452.177284 total sec (00h 24m 12s),128,simple-gcn-pipeline,63,gcn-pipeline,/root/phdtrack/mem2graph/data/4_graph_with_embedding_comments_-v_-a_chunk-header-node_-c_chunk-statistic-embedding_-e_only-max-entropy_-s_activate,node2vec,128,16,50,1.5,0.5,10,8,16,20,222.66666666666666,0.9986057319907049,0.9649700598802395,0.9814998096688238,6680.0,0.08235294117647059,0.7,0.14736842105263157,30.0,21,6446,234,9,0.8324850299401197,1.024176 total sec (00h 00m 01s)
Linux,rascoussie,5.4.0-165-generic,#182-Ubuntu SMP Mon Oct 2 19:43:28 UTC 2023,x86_64,x86_64,40,80,540661145600,373883076608,2023_10_27_18_42_37_009122,16,1469.298083 total sec (00h 24m 29s),128,simple-gcn-pipeline,71,gcn-pipeline,/root/phdtrack/mem2graph/data/4_graph_with_embedding_comments_-v_-a_chunk-header-node_-c_chunk-statistic-embedding_-e_only-max-entropy_-s_activate,node2vec,128,16,50,1.5,1.5,10,8,16,20,222.66666666666666,0.9993782061246697,0.9624251497005988,0.9805536490505604,6680.0,0.09386281588447654,0.8666666666666667,0.1693811074918567,30.0,26,6429,251,4,0.9145459081836327,1.058871 total sec (00h 00m 01s)
Linux,rascoussie,5.4.0-165-generic,#182-Ubuntu SMP Mon Oct 2 19:43:28 UTC 2023,x86_64,x86_64,40,80,540661145600,373883076608,2023_10_27_18_42_37_001731,16,1497.354804 total sec (00h 24m 57s),128,simple-gcn-pipeline,67,gcn-pipeline,/root/phdtrack/mem2graph/data/4_graph_with_embedding_comments_-v_-a_chunk-header-node_-c_chunk-statistic-embedding_-e_only-max-entropy_-s_activate,node2vec,128,16,50,1.5,1.0,10,8,16,20,222.66666666666666,0.9977358490566037,0.9895209580838323,0.9936114242765877,6680.0,0.17647058823529413,0.5,0.2608695652173913,30.0,15,6610,70,15,0.7447604790419161,0.986712 total sec (00h 00m 00s)
Linux,rascoussie,5.4.0-165-generic,#182-Ubuntu SMP Mon Oct 2 19:43:28 UTC 2023,x86_64,x86_64,40,80,540661145600,372572758016,2023_10_27_19_08_01_400369,16,1484.145677 total sec (00h 24m 44s),128,simple-gcn-pipeline,75,gcn-pipeline,/root/phdtrack/mem2graph/data/2_graph_with_embedding_comments_-v_-a_chunk-header-node_-c_chunk-start-bytes-embedding_-e_none_-s_none,node2vec,128,16,50,0.5,0.5,10,8,16,20,145.1,0.9944725932749885,0.9919595681139444,0.9932144910868315,4353.0,0.14634146341463414,0.2,0.16901408450704225,30.0,6,4318,35,24,0.5959797840569722,1.363443 total sec (00h 00m 01s)
Linux,rascoussie,5.4.0-165-generic,#182-Ubuntu SMP Mon Oct 2 19:43:28 UTC 2023,x86_64,x86_64,40,80,540661145600,288841850880,2023_10_27_19_33_33_044883,16,1451.44533 total sec (00h 24m 11s),128,simple-gcn-pipeline,83,gcn-pipeline,/root/phdtrack/mem2graph/data/2_graph_with_embedding_comments_-v_-a_chunk-header-node_-c_chunk-start-bytes-embedding_-e_none_-s_none,node2vec,128,16,50,0.5,1.5,10,8,16,20,145.1,0.9949226863604893,0.9903514817367333,0.9926318213216672,4353.0,0.16,0.26666666666666666,0.2,30.0,8,4311,42,22,0.6285090742016999,1.148678 total sec (00h 00m 01s)
Linux,rascoussie,5.4.0-165-generic,#182-Ubuntu SMP Mon Oct 2 19:43:28 UTC 2023,x86_64,x86_64,40,80,540661145600,288841850880,2023_10_27_19_33_33_020380,16,1462.6955 total sec (00h 24m 22s),128,simple-gcn-pipeline,79,gcn-pipeline,/root/phdtrack/mem2graph/data/2_graph_with_embedding_comments_-v_-a_chunk-header-node_-c_chunk-start-bytes-embedding_-e_none_-s_none,node2vec,128,16,50,0.5,1.0,10,8,16,20,145.1,0.9942022263450835,0.9848380427291523,0.9894979803808426,4353.0,0.07042253521126761,0.16666666666666666,0.09900990099009901,30.0,5,4287,66,25,0.5757523546979095,5.364078 total sec (00h 00m 05s)
Linux,rascoussie,5.4.0-165-generic,#182-Ubuntu SMP Mon Oct 2 19:43:28 UTC 2023,x86_64,x86_64,40,80,540661145600,286643855360,2023_10_27_19_58_40_078941,16,1390.532351 total sec (00h 23m 10s),128,simple-gcn-pipeline,87,gcn-pipeline,/root/phdtrack/mem2graph/data/2_graph_with_embedding_comments_-v_-a_chunk-header-node_-c_chunk-start-bytes-embedding_-e_none_-s_none,node2vec,128,16,50,1.0,0.5,10,8,16,20,145.1,0.9955524344569289,0.9770273374684126,0.9862028985507247,4353.0,0.0990990990990991,0.36666666666666664,0.15602836879432622,30.0,11,4253,100,19,0.6718470020675397,4.704808 total sec (00h 00m 04s)
Linux,rascoussie,5.4.0-165-generic,#182-Ubuntu SMP Mon Oct 2 19:43:28 UTC 2023,x86_64,x86_64,40,80,540661145600,257110102016,2023_10_27_20_22_30_133000,16,1362.876413 total sec (00h 22m 42s),128,simple-gcn-pipeline,95,gcn-pipeline,/root/phdtrack/mem2graph/data/2_graph_with_embedding_comments_-v_-a_chunk-header-node_-c_chunk-start-bytes-embedding_-e_none_-s_none,node2vec,128,16,50,1.0,1.5,10,8,16,20,145.1,0.9954012416647505,0.994486560992419,0.9949436911054931,4353.0,0.29411764705882354,0.3333333333333333,0.3125,30.0,10,4329,24,20,0.6639099471628761,4.400055 total sec (00h 00m 04s)
Linux,rascoussie,5.4.0-165-generic,#182-Ubuntu SMP Mon Oct 2 19:43:28 UTC 2023,x86_64,x86_64,40,80,540661145600,257110102016,2023_10_27_20_22_30_125844,16,1379.692894 total sec (00h 22m 59s),128,simple-gcn-pipeline,91,gcn-pipeline,/root/phdtrack/mem2graph/data/2_graph_with_embedding_comments_-v_-a_chunk-header-node_-c_chunk-start-bytes-embedding_-e_none_-s_none,node2vec,128,16,50,1.0,1.0,10,8,16,20,145.1,0.9965928449744463,0.9407305306685044,0.9678562987473411,4353.0,0.058394160583941604,0.5333333333333333,0.10526315789473684,30.0,16,4095,258,14,0.7370319320009188,163.587265 total sec (00h 02m 43s)
Linux,rascoussie,5.4.0-165-generic,#182-Ubuntu SMP Mon Oct 2 19:43:28 UTC 2023,x86_64,x86_64,40,80,540661145600,293747683328,2023_10_27_21_03_48_564373,16,1428.072656 total sec (00h 23m 48s),128,simple-gcn-pipeline,99,gcn-pipeline,/root/phdtrack/mem2graph/data/2_graph_with_embedding_comments_-v_-a_chunk-header-node_-c_chunk-start-bytes-embedding_-e_none_-s_none,node2vec,128,16,50,1.5,0.5,10,8,16,20,145.1,0.9962085308056872,0.9657707328279348,0.9807535285197714,4353.0,0.08588957055214724,0.4666666666666667,0.14507772020725387,30.0,14,4204,149,16,0.7162186997473008,8.495464 total sec (00h 00m 08s)
Linux,rascoussie,5.4.0-165-generic,#182-Ubuntu SMP Mon Oct 2 19:43:28 UTC 2023,x86_64,x86_64,40,80,540661145600,304133545984,2023_10_27_21_29_34_031727,16,1335.206456 total sec (00h 22m 15s),128,simple-gcn-pipeline,107,gcn-pipeline,/root/phdtrack/mem2graph/data/2_graph_with_embedding_comments_-v_-a_chunk-header-node_-c_chunk-start-bytes-embedding_-e_none_-s_none,node2vec,128,16,50,1.5,1.5,10,8,16,20,145.1,0.9944572748267898,0.989202848610154,0.9918231026143038,4353.0,0.11320754716981132,0.2,0.14457831325301204,30.0,6,4306,47,24,0.594601424305077,1.278418 total sec (00h 00m 01s)
Linux,rascoussie,5.4.0-165-generic,#182-Ubuntu SMP Mon Oct 2 19:43:28 UTC 2023,x86_64,x86_64,40,80,540661145600,304133545984,2023_10_27_21_29_34_031745,16,1339.690037 total sec (00h 22m 19s),128,simple-gcn-pipeline,103,gcn-pipeline,/root/phdtrack/mem2graph/data/2_graph_with_embedding_comments_-v_-a_chunk-header-node_-c_chunk-start-bytes-embedding_-e_none_-s_none,node2vec,128,16,50,1.5,1.0,10,8,16,20,145.1,0.9962352941176471,0.972662531587411,0.984307799604789,4353.0,0.10526315789473684,0.4666666666666667,0.17177914110429449,30.0,14,4234,119,16,0.719664599127039,1.651741 total sec (00h 00m 01s)
Linux,rascoussie,5.4.0-165-generic,#182-Ubuntu SMP Mon Oct 2 19:43:28 UTC 2023,x86_64,x86_64,40,80,540661145600,284055715840,2023_10_27_21_52_47_947989,16,1416.213261 total sec (00h 23m 36s),128,simple-gcn-pipeline,111,gcn-pipeline,/root/phdtrack/mem2graph/data/5_graph_with_embedding_comments_-v_-a_chunk-header-node_-c_chunk-start-bytes-embedding_-e_only-max-entropy_-s_activate,node2vec,128,16,50,0.5,0.5,10,8,16,20,228.93333333333334,0.99789283564118,0.9653465346534653,0.9813499111900532,6868.0,0.06299212598425197,0.5333333333333333,0.11267605633802817,30.0,16,6630,238,14,0.7493399339933993,2.745258 total sec (00h 00m 02s)
Linux,rascoussie,5.4.0-165-generic,#182-Ubuntu SMP Mon Oct 2 19:43:28 UTC 2023,x86_64,x86_64,40,80,540661145600,259926544384,2023_10_27_22_17_21_001346,16,1262.946729 total sec (00h 21m 02s),128,simple-gcn-pipeline,115,gcn-pipeline,/root/phdtrack/mem2graph/data/5_graph_with_embedding_comments_-v_-a_chunk-header-node_-c_chunk-start-bytes-embedding_-e_only-max-entropy_-s_activate,node2vec,128,16,50,0.5,1.0,10,8,16,20,228.93333333333334,0.9976387249114522,0.9842748980780431,0.9909117560832601,6868.0,0.11475409836065574,0.4666666666666667,0.18421052631578946,30.0,14,6760,108,16,0.725470782372355,1.489468 total sec (00h 00m 01s)
Linux,rascoussie,5.4.0-165-generic,#182-Ubuntu SMP Mon Oct 2 19:43:28 UTC 2023,x86_64,x86_64,40,80,540661145600,259926544384,2023_10_27_22_17_21_000912,16,1352.26638 total sec (00h 22m 32s),128,simple-gcn-pipeline,119,gcn-pipeline,/root/phdtrack/mem2graph/data/5_graph_with_embedding_comments_-v_-a_chunk-header-node_-c_chunk-start-bytes-embedding_-e_only-max-entropy_-s_activate,node2vec,128,16,50,0.5,1.5,10,8,16,20,228.93333333333334,0.9960270747498529,0.9855853232382061,0.9907786885245902,6868.0,0.029411764705882353,0.1,0.04545454545454545,30.0,3,6769,99,27,0.5427926616191031,1.094275 total sec (00h 00m 01s)
Linux,rascoussie,5.4.0-165-generic,#182-Ubuntu SMP Mon Oct 2 19:43:28 UTC 2023,x86_64,x86_64,40,80,540661145600,264578641920,2023_10_27_22_40_45_040477,16,1370.152016 total sec (00h 22m 50s),128,simple-gcn-pipeline,123,gcn-pipeline,/root/phdtrack/mem2graph/data/5_graph_with_embedding_comments_-v_-a_chunk-header-node_-c_chunk-start-bytes-embedding_-e_only-max-entropy_-s_activate,node2vec,128,16,50,1.0,0.5,10,8,16,20,228.93333333333334,0.9976236447348878,0.9780139778683751,0.9877214910668333,6868.0,0.08484848484848485,0.4666666666666667,0.1435897435897436,30.0,14,6717,151,16,0.7223403222675209,1.332905 total sec (00h 00m 01s)
Linux,rascoussie,5.4.0-165-generic,#182-Ubuntu SMP Mon Oct 2 19:43:28 UTC 2023,x86_64,x86_64,40,80,540661145600,290257403904,2023_10_27_23_04_16_654638,16,1260.177206 total sec (00h 21m 00s),128,simple-gcn-pipeline,127,gcn-pipeline,/root/phdtrack/mem2graph/data/5_graph_with_embedding_comments_-v_-a_chunk-header-node_-c_chunk-start-bytes-embedding_-e_only-max-entropy_-s_activate,node2vec,128,16,50,1.0,1.0,10,8,16,20,228.93333333333334,0.9991020652499252,0.9720442632498544,0.9853874538745387,6868.0,0.1111111111111111,0.8,0.19512195121951217,30.0,24,6676,192,6,0.8860221316249273,1.734175 total sec (00h 00m 01s)
Linux,rascoussie,5.4.0-165-generic,#182-Ubuntu SMP Mon Oct 2 19:43:28 UTC 2023,x86_64,x86_64,40,80,540661145600,290257403904,2023_10_27_23_04_16_652290,16,1355.139898 total sec (00h 22m 35s),128,simple-gcn-pipeline,131,gcn-pipeline,/root/phdtrack/mem2graph/data/5_graph_with_embedding_comments_-v_-a_chunk-header-node_-c_chunk-start-bytes-embedding_-e_only-max-entropy_-s_activate,node2vec,128,16,50,1.0,1.5,10,8,16,20,228.93333333333334,0.9970648664514236,0.9892253931275481,0.9931296594065196,6868.0,0.11904761904761904,0.3333333333333333,0.1754385964912281,30.0,10,6794,74,20,0.6612793632304407,1.072495 total sec (00h 00m 01s)
Linux,rascoussie,5.4.0-165-generic,#182-Ubuntu SMP Mon Oct 2 19:43:28 UTC 2023,x86_64,x86_64,40,80,540661145600,286490566656,2023_10_27_23_27_45_229726,16,1353.390968 total sec (00h 22m 33s),128,simple-gcn-pipeline,135,gcn-pipeline,/root/phdtrack/mem2graph/data/5_graph_with_embedding_comments_-v_-a_chunk-header-node_-c_chunk-start-bytes-embedding_-e_only-max-entropy_-s_activate,node2vec,128,16,50,1.5,0.5,10,8,16,20,228.93333333333334,0.9980651882720643,0.9764123471170646,0.987120041215868,6868.0,0.09497206703910614,0.5666666666666667,0.1626794258373206,30.0,17,6706,162,13,0.7715395068918656,1.857341 total sec (00h 00m 01s)
Linux,rascoussie,5.4.0-165-generic,#182-Ubuntu SMP Mon Oct 2 19:43:28 UTC 2023,x86_64,x86_64,40,80,540661145600,263663927296,2023_10_27_23_50_57_920621,16,1263.061409 total sec (00h 21m 03s),128,simple-gcn-pipeline,139,gcn-pipeline,/root/phdtrack/mem2graph/data/5_graph_with_embedding_comments_-v_-a_chunk-header-node_-c_chunk-start-bytes-embedding_-e_only-max-entropy_-s_activate,node2vec,128,16,50,1.5,1.0,10,8,16,20,228.93333333333334,0.9967498892007682,0.9823820617355853,0.9895138226882746,6868.0,0.06201550387596899,0.26666666666666666,0.10062893081761005,30.0,8,6747,121,22,0.6245243642011259,1.576025 total sec (00h 00m 01s)
Linux,rascoussie,5.4.0-165-generic,#182-Ubuntu SMP Mon Oct 2 19:43:28 UTC 2023,x86_64,x86_64,40,80,540661145600,263663927296,2023_10_27_23_50_57_920599,16,1389.112682 total sec (00h 23m 09s),128,simple-gcn-pipeline,143,gcn-pipeline,/root/phdtrack/mem2graph/data/5_graph_with_embedding_comments_-v_-a_chunk-header-node_-c_chunk-start-bytes-embedding_-e_only-max-entropy_-s_activate,node2vec,128,16,50,1.5,1.5,10,8,16,20,228.93333333333334,0.9977859778597786,0.9842748980780431,0.9909843875980356,6868.0,0.12195121951219512,0.5,0.19607843137254902,30.0,15,6760,108,15,0.7421374490390216,0.994522 total sec (00h 00m 00s)
Linux,rascoussie,5.4.0-165-generic,#182-Ubuntu SMP Mon Oct 2 19:43:28 UTC 2023,x86_64,x86_64,40,80,540661145600,286954336256,2023_10_28_00_14_45_065413,16,1542.583593 total sec (00h 25m 42s),128,simple-gcn-pipeline,147,gcn-pipeline,/root/phdtrack/mem2graph/data/0_graph_with_embedding_comments_-v_-a_chunk-header-node_-c_chunk-semantic-embedding_-e_none_-s_none,node2vec,128,16,50,0.5,0.5,10,8,16,20,240.03333333333333,0.9966325242037323,0.9863907790584641,0.9914852037967615,7201.0,0.057692307692307696,0.2,0.08955223880597014,30.0,6,7103,98,24,0.593195389529232,1.396831 total sec (00h 00m 01s)
Linux,rascoussie,5.4.0-165-generic,#182-Ubuntu SMP Mon Oct 2 19:43:28 UTC 2023,x86_64,x86_64,40,80,540661145600,289950535680,2023_10_28_00_41_16_575977,16,1430.096871 total sec (00h 23m 50s),128,simple-gcn-pipeline,151,gcn-pipeline,/root/phdtrack/mem2graph/data/0_graph_with_embedding_comments_-v_-a_chunk-header-node_-c_chunk-semantic-embedding_-e_none_-s_none,node2vec,128,16,50,0.5,1.0,10,8,16,20,240.03333333333333,0.9970505617977528,0.9858353006526871,0.9914112143006772,7201.0,0.08108108108108109,0.3,0.12765957446808512,30.0,9,7099,102,21,0.6429176503263435,10.201546 total sec (00h 00m 10s)
Linux,rascoussie,5.4.0-165-generic,#182-Ubuntu SMP Mon Oct 2 19:43:28 UTC 2023,x86_64,x86_64,40,80,540661145600,289950699520,2023_10_28_00_41_16_584926,16,1536.65216 total sec (00h 25m 36s),128,simple-gcn-pipeline,155,gcn-pipeline,/root/phdtrack/mem2graph/data/0_graph_with_embedding_comments_-v_-a_chunk-header-node_-c_chunk-semantic-embedding_-e_none_-s_none,node2vec,128,16,50,0.5,1.5,10,8,16,20,240.03333333333333,0.9974804031354984,0.9895847798916817,0.9935169048448939,7201.0,0.13793103448275862,0.4,0.20512820512820515,30.0,12,7126,75,18,0.6947923899458408,1.342562 total sec (00h 00m 01s)
Linux,rascoussie,5.4.0-165-generic,#182-Ubuntu SMP Mon Oct 2 19:43:28 UTC 2023,x86_64,x86_64,40,80,540661145600,286849916928,2023_10_28_01_07_50_446312,16,1544.653901 total sec (00h 25m 44s),128,simple-gcn-pipeline,159,gcn-pipeline,/root/phdtrack/mem2graph/data/0_graph_with_embedding_comments_-v_-a_chunk-header-node_-c_chunk-semantic-embedding_-e_none_-s_none,node2vec,128,16,50,1.0,0.5,10,8,16,20,240.03333333333333,0.996662958843159,0.99541730315234,0.9960397415410268,7201.0,0.15384615384615385,0.2,0.17391304347826086,30.0,6,7168,33,24,0.59770865157617,1.098157 total sec (00h 00m 01s)
Linux,rascoussie,5.4.0-165-generic,#182-Ubuntu SMP Mon Oct 2 19:43:28 UTC 2023,x86_64,x86_64,40,80,540661145600,262498181120,2023_10_28_01_34_45_050890,16,1426.102824 total sec (00h 23m 46s),128,simple-gcn-pipeline,163,gcn-pipeline,/root/phdtrack/mem2graph/data/0_graph_with_embedding_comments_-v_-a_chunk-header-node_-c_chunk-semantic-embedding_-e_none_-s_none,node2vec,128,16,50,1.0,1.0,10,8,16,20,318.96666666666664,0.9988163133541376,0.9700073152889539,0.9842010391262858,9569.0,0.06209150326797386,0.6333333333333333,0.1130952380952381,30.0,19,9282,287,11,0.8016703243111436,1.537285 total sec (00h 00m 01s)
Linux,rascoussie,5.4.0-165-generic,#182-Ubuntu SMP Mon Oct 2 19:43:28 UTC 2023,x86_64,x86_64,40,80,540661145600,262498181120,2023_10_28_01_34_45_049686,16,1518.22782 total sec (00h 25m 18s),128,simple-gcn-pipeline,167,gcn-pipeline,/root/phdtrack/mem2graph/data/0_graph_with_embedding_comments_-v_-a_chunk-header-node_-c_chunk-semantic-embedding_-e_none_-s_none,node2vec,128,16,50,1.0,1.5,10,8,16,20,240.03333333333333,0.9964739069111425,0.9811137342035828,0.9887341683577077,7201.0,0.03546099290780142,0.16666666666666666,0.058479532163742694,30.0,5,7065,136,25,0.5738902004351248,1.329202 total sec (00h 00m 01s)
Linux,rascoussie,5.4.0-165-generic,#182-Ubuntu SMP Mon Oct 2 19:43:28 UTC 2023,x86_64,x86_64,40,80,540661145600,285664894976,2023_10_28_02_00_54_284246,16,1538.035169 total sec (00h 25m 38s),128,simple-gcn-pipeline,171,gcn-pipeline,/root/phdtrack/mem2graph/data/0_graph_with_embedding_comments_-v_-a_chunk-header-node_-c_chunk-semantic-embedding_-e_none_-s_none,node2vec,128,16,50,1.5,0.5,10,8,16,20,240.03333333333333,0.9970212765957447,0.97611442855159,0.9864570907304749,7201.0,0.049723756906077346,0.3,0.08530805687203791,30.0,9,7029,172,21,0.638057214275795,1.866099 total sec (00h 00m 01s)
Linux,rascoussie,5.4.0-165-generic,#182-Ubuntu SMP Mon Oct 2 19:43:28 UTC 2023,x86_64,x86_64,40,80,540661145600,286435889152,2023_10_28_02_27_36_736228,16,1416.271723 total sec (00h 23m 36s),128,simple-gcn-pipeline,175,gcn-pipeline,/root/phdtrack/mem2graph/data/0_graph_with_embedding_comments_-v_-a_chunk-header-node_-c_chunk-semantic-embedding_-e_none_-s_none,node2vec,128,16,50,1.5,1.0,10,8,16,20,240.03333333333333,0.9969406202197191,0.9955561727537842,0.9962479155086158,7201.0,0.2,0.26666666666666666,0.2285714285714286,30.0,8,7169,32,22,0.6311114197102254,1.572222 total sec (00h 00m 01s)
Linux,rascoussie,5.4.0-165-generic,#182-Ubuntu SMP Mon Oct 2 19:43:28 UTC 2023,x86_64,x86_64,40,80,540661145600,286435889152,2023_10_28_02_27_36_736560,16,1548.909129 total sec (00h 25m 48s),128,simple-gcn-pipeline,179,gcn-pipeline,/root/phdtrack/mem2graph/data/0_graph_with_embedding_comments_-v_-a_chunk-header-node_-c_chunk-semantic-embedding_-e_none_-s_none,node2vec,128,16,50,1.5,1.5,10,8,16,20,240.03333333333333,0.9971921943001544,0.9863907790584641,0.9917620776319465,7201.0,0.09259259259259259,0.3333333333333333,0.14492753623188404,30.0,10,7103,98,20,0.6598620561958987,1.135432 total sec (00h 00m 01s)
Linux,rascoussie,5.4.0-165-generic,#182-Ubuntu SMP Mon Oct 2 19:43:28 UTC 2023,x86_64,x86_64,40,80,540661145600,261762633728,2023_10_28_02_54_34_595958,16,1081.038732 total sec (00h 18m 01s),128,simple-gcn-pipeline,183,gcn-pipeline,/root/phdtrack/mem2graph/data/1_graph_with_embedding_comments_-v_-a_chunk-header-node_-c_chunk-statistic-embedding_-e_none_-s_none,node2vec,128,16,50,0.5,0.5,10,8,16,20,160.2,0.9943855271366189,0.9950062421972534,0.9946957878315134,4806.0,0.1111111111111111,0.1,0.10526315789473685,30.0,3,4782,24,27,0.5475031210986268,1.45392 total sec (00h 00m 01s)
Linux,rascoussie,5.4.0-165-generic,#182-Ubuntu SMP Mon Oct 2 19:43:28 UTC 2023,x86_64,x86_64,40,80,540661145600,284723068928,2023_10_28_03_13_11_144099,16,1041.894447 total sec (00h 17m 21s),128,simple-gcn-pipeline,187,gcn-pipeline,/root/phdtrack/mem2graph/data/1_graph_with_embedding_comments_-v_-a_chunk-header-node_-c_chunk-statistic-embedding_-e_none_-s_none,node2vec,128,16,50,0.5,1.0,10,8,16,20,160.2,0.9993234100135318,0.9219725343320849,0.9590909090909091,4806.0,0.06716417910447761,0.9,0.125,30.0,27,4431,375,3,0.9109862671660425,1.416184 total sec (00h 00m 01s)
Linux,rascoussie,5.4.0-165-generic,#182-Ubuntu SMP Mon Oct 2 19:43:28 UTC 2023,x86_64,x86_64,40,80,540661145600,284723068928,2023_10_28_03_13_11_143896,16,1107.736376 total sec (00h 18m 27s),128,simple-gcn-pipeline,191,gcn-pipeline,/root/phdtrack/mem2graph/data/1_graph_with_embedding_comments_-v_-a_chunk-header-node_-c_chunk-statistic-embedding_-e_none_-s_none,node2vec,128,16,50,0.5,1.5,10,8,16,20,160.2,0.9955882352941177,0.9860590928006658,0.990800752665691,4806.0,0.11842105263157894,0.3,0.169811320754717,30.0,9,4739,67,21,0.6430295464003329,1.125875 total sec (00h 00m 01s)
Linux,rascoussie,5.4.0-165-generic,#182-Ubuntu SMP Mon Oct 2 19:43:28 UTC 2023,x86_64,x86_64,40,80,540661145600,258557874176,2023_10_28_03_32_23_950245,16,1101.938725 total sec (00h 18m 21s),128,simple-gcn-pipeline,195,gcn-pipeline,/root/phdtrack/mem2graph/data/1_graph_with_embedding_comments_-v_-a_chunk-header-node_-c_chunk-statistic-embedding_-e_none_-s_none,node2vec,128,16,50,1.0,0.5,10,8,16,20,160.2,0.9947720618987871,0.9898044111527258,0.992282019190655,4806.0,0.09259259259259259,0.16666666666666666,0.11904761904761904,30.0,5,4757,49,25,0.5782355389096963,7.135213 total sec (00h 00m 07s)
Linux,rascoussie,5.4.0-165-generic,#182-Ubuntu SMP Mon Oct 2 19:43:28 UTC 2023,x86_64,x86_64,40,80,540661145600,284191174656,2023_10_28_03_51_30_267656,16,1034.659524 total sec (00h 17m 14s),128,simple-gcn-pipeline,199,gcn-pipeline,/root/phdtrack/mem2graph/data/1_graph_with_embedding_comments_-v_-a_chunk-header-node_-c_chunk-statistic-embedding_-e_none_-s_none,node2vec,128,16,50,1.0,1.0,10,8,16,20,160.2,0.9957482993197279,0.974615064502705,0.985068349106204,4806.0,0.07575757575757576,0.3333333333333333,0.1234567901234568,30.0,10,4684,122,20,0.6539741989180191,1.064948 total sec (00h 00m 01s)
Linux,rascoussie,5.4.0-165-generic,#182-Ubuntu SMP Mon Oct 2 19:43:28 UTC 2023,x86_64,x86_64,40,80,540661145600,284191174656,2023_10_28_03_51_30_264320,16,1098.356057 total sec (00h 18m 18s),128,simple-gcn-pipeline,203,gcn-pipeline,/root/phdtrack/mem2graph/data/1_graph_with_embedding_comments_-v_-a_chunk-header-node_-c_chunk-statistic-embedding_-e_none_-s_none,node2vec,128,16,50,1.0,1.5,10,8,16,20,160.2,0.9948925303256012,0.972742405326675,0.9836927932667018,4806.0,0.043795620437956206,0.2,0.0718562874251497,30.0,6,4675,131,24,0.5863712026633375,16.441002 total sec (00h 00m 16s)
Linux,rascoussie,5.4.0-165-generic,#182-Ubuntu SMP Mon Oct 2 19:43:28 UTC 2023,x86_64,x86_64,40,80,540661145600,257699422208,2023_10_28_04_10_41_546064,16,1108.2458 total sec (00h 18m 28s),128,simple-gcn-pipeline,207,gcn-pipeline,/root/phdtrack/mem2graph/data/1_graph_with_embedding_comments_-v_-a_chunk-header-node_-c_chunk-statistic-embedding_-e_none_-s_none,node2vec,128,16,50,1.5,0.5,10,8,16,20,160.2,0.9951446062909014,0.9808572617561382,0.9879492821963742,4806.0,0.0707070707070707,0.23333333333333334,0.10852713178294573,30.0,7,4714,92,23,0.6070952975447358,2.460543 total sec (00h 00m 02s)
Linux,rascoussie,5.4.0-165-generic,#182-Ubuntu SMP Mon Oct 2 19:43:28 UTC 2023,x86_64,x86_64,40,80,540661145600,256343334912,2023_10_28_04_29_55_492336,16,1031.581054 total sec (00h 17m 11s),128,simple-gcn-pipeline,211,gcn-pipeline,/root/phdtrack/mem2graph/data/1_graph_with_embedding_comments_-v_-a_chunk-header-node_-c_chunk-statistic-embedding_-e_none_-s_none,node2vec,128,16,50,1.5,1.0,10,8,16,20,160.2,0.9963330457290768,0.961090303786933,0.9783944079644143,4806.0,0.065,0.43333333333333335,0.11304347826086958,30.0,13,4619,187,17,0.6972118185601331,1.509911 total sec (00h 00m 01s)
Linux,rascoussie,5.4.0-165-generic,#182-Ubuntu SMP Mon Oct 2 19:43:28 UTC 2023,x86_64,x86_64,40,80,540661145600,256347979776,2023_10_28_04_29_55_492582,16,1102.401088 total sec (00h 18m 22s),128,simple-gcn-pipeline,215,gcn-pipeline,/root/phdtrack/mem2graph/data/1_graph_with_embedding_comments_-v_-a_chunk-header-node_-c_chunk-statistic-embedding_-e_none_-s_none,node2vec,128,16,50,1.5,1.5,10,8,16,20,160.2,0.994749002310439,0.9854348730753225,0.9900700324030521,4806.0,0.06666666666666667,0.16666666666666666,0.09523809523809522,30.0,5,4736,70,25,0.5760507698709947,1.219917 total sec (00h 00m 01s)
Linux,rascoussie,5.4.0-165-generic,#182-Ubuntu SMP Mon Oct 2 19:43:28 UTC 2023,x86_64,x86_64,40,80,540661145600,258967572480,2023_10_28_04_49_03_357681,16,0.283543 total sec (00h 00m 00s),40,simple-gcn-pipeline,219,gcn-pipeline,/root/phdtrack/mem2graph/data/3_graph_with_embedding_comments_-v_-a_chunk-header-node_-c_chunk-semantic-embedding_-e_only-max-entropy_-s_activate,chunk-semantic-embedding,None,None,None,None,None,None,None,None,20,214.13333333333333,0.9953459509773503,0.9987546699875467,0.997047397047397,6424.0,0.0,0.0,0.0,30.0,0,6416,8,30,0.49937733499377335,13.559171 total sec (00h 00m 13s)
Linux,rascoussie,5.4.0-165-generic,#182-Ubuntu SMP Mon Oct 2 19:43:28 UTC 2023,x86_64,x86_64,40,80,540661145600,284282486784,2023_10_28_04_49_54_277473,16,0.568074 total sec (00h 00m 00s),40,simple-gcn-pipeline,227,gcn-pipeline,/root/phdtrack/mem2graph/data/3_graph_with_embedding_comments_-v_-a_chunk-header-node_-c_chunk-semantic-embedding_-e_only-max-entropy_-s_activate,chunk-semantic-embedding,None,None,None,None,None,None,None,None,20,214.13333333333333,0.9953192912069542,0.9268368617683687,0.9598581331613736,6424.0,0.00423728813559322,0.06666666666666667,0.00796812749003984,30.0,2,5954,470,28,0.49675176421751766,3.09747 total sec (00h 00m 03s)
Linux,rascoussie,5.4.0-165-generic,#182-Ubuntu SMP Mon Oct 2 19:43:28 UTC 2023,x86_64,x86_64,40,80,540661145600,284282486784,2023_10_28_04_49_54_277165,16,0.586356 total sec (00h 00m 00s),40,simple-gcn-pipeline,223,gcn-pipeline,/root/phdtrack/mem2graph/data/3_graph_with_embedding_comments_-v_-a_chunk-header-node_-c_chunk-semantic-embedding_-e_only-max-entropy_-s_activate,chunk-semantic-embedding,None,None,None,None,None,None,None,None,20,214.13333333333333,0.9953481159869747,0.9992216687422167,0.9972811310494833,6424.0,0.0,0.0,0.0,30.0,0,6419,5,30,0.49961083437110837,2.625234 total sec (00h 00m 02s)
Linux,rascoussie,5.4.0-165-generic,#182-Ubuntu SMP Mon Oct 2 19:43:28 UTC 2023,x86_64,x86_64,40,80,540661145600,258994339840,2023_10_28_04_50_55_177915,16,0.753149 total sec (00h 00m 00s),40,simple-gcn-pipeline,231,gcn-pipeline,/root/phdtrack/mem2graph/data/3_graph_with_embedding_comments_-v_-a_chunk-header-node_-c_chunk-semantic-embedding_-e_only-max-entropy_-s_activate,chunk-semantic-embedding,None,None,None,None,None,None,None,None,20,214.13333333333333,0.9952591656131479,0.9803860523038606,0.9877666248431618,6424.0,0.0,0.0,0.0,30.0,0,6298,126,30,0.4901930261519303,1.591014 total sec (00h 00m 01s)
Linux,rascoussie,5.4.0-165-generic,#182-Ubuntu SMP Mon Oct 2 19:43:28 UTC 2023,x86_64,x86_64,40,80,540661145600,259880546304,2023_10_28_04_51_28_427604,16,0.334805 total sec (00h 00m 00s),40,simple-gcn-pipeline,235,gcn-pipeline,/root/phdtrack/mem2graph/data/3_graph_with_embedding_comments_-v_-a_chunk-header-node_-c_chunk-semantic-embedding_-e_only-max-entropy_-s_activate,chunk-semantic-embedding,None,None,None,None,None,None,None,None,20,214.13333333333333,0.9953365459350225,0.9967310087173101,0.9960332892587695,6424.0,0.0,0.0,0.0,30.0,0,6403,21,30,0.49836550435865506,12.325938 total sec (00h 00m 12s)
Linux,rascoussie,5.4.0-165-generic,#182-Ubuntu SMP Mon Oct 2 19:43:28 UTC 2023,x86_64,x86_64,40,80,540661145600,259880546304,2023_10_28_04_51_28_428683,16,0.454729 total sec (00h 00m 00s),40,simple-gcn-pipeline,239,gcn-pipeline,/root/phdtrack/mem2graph/data/3_graph_with_embedding_comments_-v_-a_chunk-header-node_-c_chunk-semantic-embedding_-e_only-max-entropy_-s_activate,chunk-semantic-embedding,None,None,None,None,None,None,None,None,20,214.13333333333333,0.9953292853806632,0.9951743462017435,0.9952518097610337,6424.0,0.0,0.0,0.0,30.0,0,6393,31,30,0.49758717310087175,14.967295 total sec (00h 00m 14s)
Linux,rascoussie,5.4.0-165-generic,#182-Ubuntu SMP Mon Oct 2 19:43:28 UTC 2023,x86_64,x86_64,40,80,540661145600,257334280192,2023_10_28_04_52_24_901609,16,0.315307 total sec (00h 00m 00s),40,simple-gcn-pipeline,243,gcn-pipeline,/root/phdtrack/mem2graph/data/3_graph_with_embedding_comments_-v_-a_chunk-header-node_-c_chunk-semantic-embedding_-e_only-max-entropy_-s_activate,chunk-semantic-embedding,None,None,None,None,None,None,None,None,20,214.13333333333333,0.995274102079395,0.9834993773349938,0.9893517068587535,6424.0,0.0,0.0,0.0,30.0,0,6318,106,30,0.4917496886674969,0.966234 total sec (00h 00m 00s)
Linux,rascoussie,5.4.0-165-generic,#182-Ubuntu SMP Mon Oct 2 19:43:28 UTC 2023,x86_64,x86_64,40,80,540661145600,259557822464,2023_10_28_04_52_55_867620,16,0.522691 total sec (00h 00m 00s),40,simple-gcn-pipeline,251,gcn-pipeline,/root/phdtrack/mem2graph/data/3_graph_with_embedding_comments_-v_-a_chunk-header-node_-c_chunk-semantic-embedding_-e_only-max-entropy_-s_activate,chunk-semantic-embedding,None,None,None,None,None,None,None,None,20,214.13333333333333,0.9953095684803002,0.9909713574097135,0.9931357254290171,6424.0,0.0,0.0,0.0,30.0,0,6366,58,30,0.49548567870485677,1.9886 total sec (00h 00m 01s)
Linux,rascoussie,5.4.0-165-generic,#182-Ubuntu SMP Mon Oct 2 19:43:28 UTC 2023,x86_64,x86_64,40,80,540661145600,259559886848,2023_10_28_04_52_55_852538,16,0.355414 total sec (00h 00m 00s),40,simple-gcn-pipeline,247,gcn-pipeline,/root/phdtrack/mem2graph/data/3_graph_with_embedding_comments_-v_-a_chunk-header-node_-c_chunk-semantic-embedding_-e_only-max-entropy_-s_activate,chunk-semantic-embedding,None,None,None,None,None,None,None,None,20,214.13333333333333,0.9956265769554248,0.9213885429638854,0.957070094591317,6424.0,0.007858546168958742,0.13333333333333333,0.014842300556586271,30.0,4,5919,505,26,0.5273609381486094,1.563177 total sec (00h 00m 01s)
Linux,rascoussie,5.4.0-165-generic,#182-Ubuntu SMP Mon Oct 2 19:43:28 UTC 2023,x86_64,x86_64,40,80,540661145600,259243663360,2023_10_28_04_53_33_872332,16,0.352968 total sec (00h 00m 00s),28,simple-gcn-pipeline,255,gcn-pipeline,/root/phdtrack/mem2graph/data/4_graph_with_embedding_comments_-v_-a_chunk-header-node_-c_chunk-statistic-embedding_-e_only-max-entropy_-s_activate,chunk-statistic-embedding,None,None,None,None,None,None,None,None,20,222.66666666666666,0.9955230562602596,0.9986526946107784,0.9970854196248412,6680.0,0.0,0.0,0.0,30.0,0,6671,9,30,0.4993263473053892,1.423547 total sec (00h 00m 01s)
Linux,rascoussie,5.4.0-165-generic,#182-Ubuntu SMP Mon Oct 2 19:43:28 UTC 2023,x86_64,x86_64,40,80,540661145600,259235045376,2023_10_28_04_54_05_031858,16,0.388945 total sec (00h 00m 00s),28,simple-gcn-pipeline,263,gcn-pipeline,/root/phdtrack/mem2graph/data/4_graph_with_embedding_comments_-v_-a_chunk-header-node_-c_chunk-statistic-embedding_-e_only-max-entropy_-s_activate,chunk-statistic-embedding,None,None,None,None,None,None,None,None,20,222.66666666666666,0.9955049445609829,0.9946107784431137,0.9950576606260296,6680.0,0.0,0.0,0.0,30.0,0,6644,36,30,0.49730538922155687,2.656451 total sec (00h 00m 02s)
Linux,rascoussie,5.4.0-165-generic,#182-Ubuntu SMP Mon Oct 2 19:43:28 UTC 2023,x86_64,x86_64,40,80,540661145600,259235045376,2023_10_28_04_54_05_031160,16,0.388062 total sec (00h 00m 00s),28,simple-gcn-pipeline,259,gcn-pipeline,/root/phdtrack/mem2graph/data/4_graph_with_embedding_comments_-v_-a_chunk-header-node_-c_chunk-statistic-embedding_-e_only-max-entropy_-s_activate,chunk-statistic-embedding,None,None,None,None,None,None,None,None,20,222.66666666666666,0.9955263942737846,0.9994011976047904,0.9974600328701627,6680.0,0.0,0.0,0.0,30.0,0,6676,4,30,0.4997005988023952,1.013305 total sec (00h 00m 01s)
Linux,rascoussie,5.4.0-165-generic,#182-Ubuntu SMP Mon Oct 2 19:43:28 UTC 2023,x86_64,x86_64,40,80,540661145600,259161030656,2023_10_28_04_54_45_360523,16,0.376316 total sec (00h 00m 00s),28,simple-gcn-pipeline,267,gcn-pipeline,/root/phdtrack/mem2graph/data/4_graph_with_embedding_comments_-v_-a_chunk-header-node_-c_chunk-statistic-embedding_-e_only-max-entropy_-s_activate,chunk-statistic-embedding,None,None,None,None,None,None,None,None,20,222.66666666666666,0.9955290611028316,1.0,0.9977595220313666,6680.0,0.0,0.0,0.0,30.0,0,6680,0,30,0.5,2.254989 total sec (00h 00m 02s)
Linux,rascoussie,5.4.0-165-generic,#182-Ubuntu SMP Mon Oct 2 19:43:28 UTC 2023,x86_64,x86_64,40,80,540661145600,259048275968,2023_10_28_04_55_16_394232,16,0.705607 total sec (00h 00m 00s),28,simple-gcn-pipeline,271,gcn-pipeline,/root/phdtrack/mem2graph/data/4_graph_with_embedding_comments_-v_-a_chunk-header-node_-c_chunk-statistic-embedding_-e_only-max-entropy_-s_activate,chunk-statistic-embedding,None,None,None,None,None,None,None,None,20,222.66666666666666,0.9955123410620793,0.9962574850299402,0.9958847736625516,6680.0,0.0,0.0,0.0,30.0,0,6655,25,30,0.4981287425149701,2.02915 total sec (00h 00m 02s)
Linux,rascoussie,5.4.0-165-generic,#182-Ubuntu SMP Mon Oct 2 19:43:28 UTC 2023,x86_64,x86_64,40,80,540661145600,259048275968,2023_10_28_04_55_16_390635,16,0.391176 total sec (00h 00m 00s),28,simple-gcn-pipeline,275,gcn-pipeline,/root/phdtrack/mem2graph/data/4_graph_with_embedding_comments_-v_-a_chunk-header-node_-c_chunk-statistic-embedding_-e_only-max-entropy_-s_activate,chunk-statistic-embedding,None,None,None,None,None,None,None,None,20,222.66666666666666,0.9955223880597015,0.9985029940119761,0.9970104633781763,6680.0,0.0,0.0,0.0,30.0,0,6670,10,30,0.49925149700598803,9.439663 total sec (00h 00m 09s)
Linux,rascoussie,5.4.0-165-generic,#182-Ubuntu SMP Mon Oct 2 19:43:28 UTC 2023,x86_64,x86_64,40,80,540661145600,259009142784,2023_10_28_04_55_56_324331,16,0.399411 total sec (00h 00m 00s),28,simple-gcn-pipeline,279,gcn-pipeline,/root/phdtrack/mem2graph/data/4_graph_with_embedding_comments_-v_-a_chunk-header-node_-c_chunk-statistic-embedding_-e_only-max-entropy_-s_activate,chunk-statistic-embedding,None,None,None,None,None,None,None,None,20,222.66666666666666,0.9956462993544513,0.9928143712574851,0.9942283187167379,6680.0,0.02040816326530612,0.03333333333333333,0.025316455696202528,30.0,1,6632,48,29,0.5130738522954092,1.509182 total sec (00h 00m 01s)
Linux,rascoussie,5.4.0-165-generic,#182-Ubuntu SMP Mon Oct 2 19:43:28 UTC 2023,x86_64,x86_64,40,80,540661145600,259033374720,2023_10_28_04_56_26_609974,16,0.688098 total sec (00h 00m 00s),28,simple-gcn-pipeline,287,gcn-pipeline,/root/phdtrack/mem2graph/data/4_graph_with_embedding_comments_-v_-a_chunk-header-node_-c_chunk-statistic-embedding_-e_only-max-entropy_-s_activate,chunk-statistic-embedding,None,None,None,None,None,None,None,None,20,222.66666666666666,0.9955163652667762,0.9971556886227545,0.9963353526288236,6680.0,0.0,0.0,0.0,30.0,0,6661,19,30,0.49857784431137725,3.850175 total sec (00h 00m 03s)
Linux,rascoussie,5.4.0-165-generic,#182-Ubuntu SMP Mon Oct 2 19:43:28 UTC 2023,x86_64,x86_64,40,80,540661145600,259033374720,2023_10_28_04_56_26_610187,16,0.330685 total sec (00h 00m 00s),28,simple-gcn-pipeline,283,gcn-pipeline,/root/phdtrack/mem2graph/data/4_graph_with_embedding_comments_-v_-a_chunk-header-node_-c_chunk-statistic-embedding_-e_only-max-entropy_-s_activate,chunk-statistic-embedding,None,None,None,None,None,None,None,None,20,222.66666666666666,0.9955290611028316,1.0,0.9977595220313666,6680.0,0.0,0.0,0.0,30.0,0,6680,0,30,0.5,3.65013 total sec (00h 00m 03s)
Linux,rascoussie,5.4.0-165-generic,#182-Ubuntu SMP Mon Oct 2 19:43:28 UTC 2023,x86_64,x86_64,40,80,540661145600,258973544448,2023_10_28_04_57_07_593909,16,0.602012 total sec (00h 00m 00s),17,simple-gcn-pipeline,291,gcn-pipeline,/root/phdtrack/mem2graph/data/2_graph_with_embedding_comments_-v_-a_chunk-header-node_-c_chunk-start-bytes-embedding_-e_none_-s_none,chunk-start-bytes-embedding,None,None,None,None,None,None,None,None,20,145.1,0.9931334401464866,0.9967838272455778,0.9949552854849806,4353.0,0.0,0.0,0.0,30.0,0,4339,14,30,0.4983919136227889,2.129986 total sec (00h 00m 02s)
Linux,rascoussie,5.4.0-165-generic,#182-Ubuntu SMP Mon Oct 2 19:43:28 UTC 2023,x86_64,x86_64,40,80,540661145600,258737610752,2023_10_28_04_57_36_776340,16,0.329922 total sec (00h 00m 00s),17,simple-gcn-pipeline,295,gcn-pipeline,/root/phdtrack/mem2graph/data/2_graph_with_embedding_comments_-v_-a_chunk-header-node_-c_chunk-start-bytes-embedding_-e_none_-s_none,chunk-start-bytes-embedding,None,None,None,None,None,None,None,None,20,145.1,0.9931538110451849,0.9997702733746842,0.9964510589582141,4353.0,0.0,0.0,0.0,30.0,0,4352,1,30,0.4998851366873421,2.149898 total sec (00h 00m 02s)
Linux,rascoussie,5.4.0-165-generic,#182-Ubuntu SMP Mon Oct 2 19:43:28 UTC 2023,x86_64,x86_64,40,80,540661145600,258737610752,2023_10_28_04_57_36_776668,16,0.264476 total sec (00h 00m 00s),17,simple-gcn-pipeline,299,gcn-pipeline,/root/phdtrack/mem2graph/data/2_graph_with_embedding_comments_-v_-a_chunk-header-node_-c_chunk-start-bytes-embedding_-e_none_-s_none,chunk-start-bytes-embedding,None,None,None,None,None,None,None,None,20,145.1,0.9931491208038364,0.9990810934987365,0.9961062757672926,4353.0,0.0,0.0,0.0,30.0,0,4349,4,30,0.49954054674936826,6.743825 total sec (00h 00m 06s)
Linux,rascoussie,5.4.0-165-generic,#182-Ubuntu SMP Mon Oct 2 19:43:28 UTC 2023,x86_64,x86_64,40,80,540661145600,258645331968,2023_10_28_04_58_16_403350,16,0.289683 total sec (00h 00m 00s),17,simple-gcn-pipeline,303,gcn-pipeline,/root/phdtrack/mem2graph/data/2_graph_with_embedding_comments_-v_-a_chunk-header-node_-c_chunk-start-bytes-embedding_-e_none_-s_none,chunk-start-bytes-embedding,None,None,None,None,None,None,None,None,20,215.5,0.9953803510933169,0.99984532095901,0.9976078401111196,6465.0,0.0,0.0,0.0,30.0,0,6464,1,30,0.499922660479505,1.703813 total sec (00h 00m 01s)
Linux,rascoussie,5.4.0-165-generic,#182-Ubuntu SMP Mon Oct 2 19:43:28 UTC 2023,x86_64,x86_64,40,80,540661145600,258656972800,2023_10_28_04_58_45_124571,16,0.580645 total sec (00h 00m 00s),17,simple-gcn-pipeline,307,gcn-pipeline,/root/phdtrack/mem2graph/data/2_graph_with_embedding_comments_-v_-a_chunk-header-node_-c_chunk-start-bytes-embedding_-e_none_-s_none,chunk-start-bytes-embedding,None,None,None,None,None,None,None,None,20,215.5,0.9955274521900062,0.9984532095901005,0.9969881844157849,6465.0,0.09090909090909091,0.03333333333333333,0.04878048780487805,30.0,1,6455,10,29,0.5158932714617169,1.851546 total sec (00h 00m 01s)
Linux,rascoussie,5.4.0-165-generic,#182-Ubuntu SMP Mon Oct 2 19:43:28 UTC 2023,x86_64,x86_64,40,80,540661145600,258656972800,2023_10_28_04_58_45_123636,16,0.288645 total sec (00h 00m 00s),17,simple-gcn-pipeline,311,gcn-pipeline,/root/phdtrack/mem2graph/data/2_graph_with_embedding_comments_-v_-a_chunk-header-node_-c_chunk-start-bytes-embedding_-e_none_-s_none,chunk-start-bytes-embedding,None,None,None,None,None,None,None,None,20,145.1,0.9931239972495989,0.9954054674936825,0.9942634235888023,4353.0,0.0,0.0,0.0,30.0,0,4333,20,30,0.49770273374684126,7.040831 total sec (00h 00m 07s)
Linux,rascoussie,5.4.0-165-generic,#182-Ubuntu SMP Mon Oct 2 19:43:28 UTC 2023,x86_64,x86_64,40,80,540661145600,258745339904,2023_10_28_04_59_26_965320,16,0.608797 total sec (00h 00m 00s),17,simple-gcn-pipeline,315,gcn-pipeline,/root/phdtrack/mem2graph/data/2_graph_with_embedding_comments_-v_-a_chunk-header-node_-c_chunk-start-bytes-embedding_-e_none_-s_none,chunk-start-bytes-embedding,None,None,None,None,None,None,None,None,20,145.1,0.9931538110451849,0.9997702733746842,0.9964510589582141,4353.0,0.0,0.0,0.0,30.0,0,4352,1,30,0.4998851366873421,1.850612 total sec (00h 00m 01s)
Linux,rascoussie,5.4.0-165-generic,#182-Ubuntu SMP Mon Oct 2 19:43:28 UTC 2023,x86_64,x86_64,40,80,540661145600,258498613248,2023_10_28_04_59_56_223884,16,0.354941 total sec (00h 00m 00s),17,simple-gcn-pipeline,319,gcn-pipeline,/root/phdtrack/mem2graph/data/2_graph_with_embedding_comments_-v_-a_chunk-header-node_-c_chunk-start-bytes-embedding_-e_none_-s_none,chunk-start-bytes-embedding,None,None,None,None,None,None,None,None,20,145.1,0.9931491208038364,0.9990810934987365,0.9961062757672926,4353.0,0.0,0.0,0.0,30.0,0,4349,4,30,0.49954054674936826,4.649513 total sec (00h 00m 04s)
Linux,rascoussie,5.4.0-165-generic,#182-Ubuntu SMP Mon Oct 2 19:43:28 UTC 2023,x86_64,x86_64,40,80,540661145600,258497040384,2023_10_28_04_59_56_224799,16,0.342903 total sec (00h 00m 00s),17,simple-gcn-pipeline,323,gcn-pipeline,/root/phdtrack/mem2graph/data/2_graph_with_embedding_comments_-v_-a_chunk-header-node_-c_chunk-start-bytes-embedding_-e_none_-s_none,chunk-start-bytes-embedding,None,None,None,None,None,None,None,None,20,145.1,0.9931506849315068,0.9993108201240524,0.9962212298179319,4353.0,0.0,0.0,0.0,30.0,0,4350,3,30,0.4996554100620262,6.032357 total sec (00h 00m 06s)
Linux,rascoussie,5.4.0-165-generic,#182-Ubuntu SMP Mon Oct 2 19:43:28 UTC 2023,x86_64,x86_64,40,80,540661145600,258691231744,2023_10_28_05_00_49_580905,16,0.282546 total sec (00h 00m 00s),18,simple-gcn-pipeline,327,gcn-pipeline,/root/phdtrack/mem2graph/data/5_graph_with_embedding_comments_-v_-a_chunk-header-node_-c_chunk-start-bytes-embedding_-e_only-max-entropy_-s_activate,chunk-start-bytes-embedding,None,None,None,None,None,None,None,None,20,228.93333333333334,0.9960426179604261,0.9528246942341293,0.9739544575085578,6868.0,0.012195121951219513,0.13333333333333333,0.022346368715083796,30.0,4,6544,324,26,0.5430790137837312,2.042807 total sec (00h 00m 02s)
Linux,rascoussie,5.4.0-165-generic,#182-Ubuntu SMP Mon Oct 2 19:43:28 UTC 2023,x86_64,x86_64,40,80,540661145600,258531418112,2023_10_28_05_01_18_768182,16,0.353991 total sec (00h 00m 00s),18,simple-gcn-pipeline,335,gcn-pipeline,/root/phdtrack/mem2graph/data/5_graph_with_embedding_comments_-v_-a_chunk-header-node_-c_chunk-start-bytes-embedding_-e_only-max-entropy_-s_activate,chunk-start-bytes-embedding,None,None,None,None,None,None,None,None,20,228.93333333333334,0.9961336220228889,0.9378276062900408,0.9661016949152542,6868.0,0.011574074074074073,0.16666666666666666,0.021645021645021644,30.0,5,6441,427,25,0.5522471364783538,2.33427 total sec (00h 00m 02s)
Linux,rascoussie,5.4.0-165-generic,#182-Ubuntu SMP Mon Oct 2 19:43:28 UTC 2023,x86_64,x86_64,40,80,540661145600,258531418112,2023_10_28_05_01_18_768391,16,0.298538 total sec (00h 00m 00s),18,simple-gcn-pipeline,331,gcn-pipeline,/root/phdtrack/mem2graph/data/5_graph_with_embedding_comments_-v_-a_chunk-header-node_-c_chunk-start-bytes-embedding_-e_only-max-entropy_-s_activate,chunk-start-bytes-embedding,None,None,None,None,None,None,None,None,20,228.93333333333334,0.9960713206406769,0.9598136284216657,0.9776064066439271,6868.0,0.014285714285714285,0.13333333333333333,0.025806451612903226,30.0,4,6592,276,26,0.5465734808774995,5.469914 total sec (00h 00m 05s)
Linux,rascoussie,5.4.0-165-generic,#182-Ubuntu SMP Mon Oct 2 19:43:28 UTC 2023,x86_64,x86_64,40,80,540661145600,258211225600,2023_10_28_05_01_57_574545,16,0.344809 total sec (00h 00m 00s),18,simple-gcn-pipeline,339,gcn-pipeline,/root/phdtrack/mem2graph/data/5_graph_with_embedding_comments_-v_-a_chunk-header-node_-c_chunk-start-bytes-embedding_-e_only-max-entropy_-s_activate,chunk-start-bytes-embedding,None,None,None,None,None,None,None,None,20,228.93333333333334,0.9956477585956768,0.9992719860221316,0.9974565801903932,6868.0,0.0,0.0,0.0,30.0,0,6863,5,30,0.4996359930110658,1.865576 total sec (00h 00m 01s)
Linux,rascoussie,5.4.0-165-generic,#182-Ubuntu SMP Mon Oct 2 19:43:28 UTC 2023,x86_64,x86_64,40,80,540661145600,258109362176,2023_10_28_05_02_26_122396,16,0.281526 total sec (00h 00m 00s),18,simple-gcn-pipeline,343,gcn-pipeline,/root/phdtrack/mem2graph/data/5_graph_with_embedding_comments_-v_-a_chunk-header-node_-c_chunk-start-bytes-embedding_-e_only-max-entropy_-s_activate,chunk-start-bytes-embedding,None,None,None,None,None,None,None,None,20,228.93333333333334,0.9956509133082053,1.0,0.9978207177103007,6868.0,0.0,0.0,0.0,30.0,0,6868,0,30,0.5,2.490143 total sec (00h 00m 02s)
Linux,rascoussie,5.4.0-165-generic,#182-Ubuntu SMP Mon Oct 2 19:43:28 UTC 2023,x86_64,x86_64,40,80,540661145600,258111983616,2023_10_28_05_02_26_120916,16,0.608389 total sec (00h 00m 00s),18,simple-gcn-pipeline,347,gcn-pipeline,/root/phdtrack/mem2graph/data/5_graph_with_embedding_comments_-v_-a_chunk-header-node_-c_chunk-start-bytes-embedding_-e_only-max-entropy_-s_activate,chunk-start-bytes-embedding,None,None,None,None,None,None,None,None,20,228.93333333333334,0.9956376326886723,0.9969423412929528,0.9962895598399416,6868.0,0.0,0.0,0.0,30.0,0,6847,21,30,0.4984711706464764,3.421837 total sec (00h 00m 03s)
Linux,rascoussie,5.4.0-165-generic,#182-Ubuntu SMP Mon Oct 2 19:43:28 UTC 2023,x86_64,x86_64,40,80,540661145600,255950405632,2023_10_28_05_03_30_522514,16,0.832893 total sec (00h 00m 00s),18,simple-gcn-pipeline,351,gcn-pipeline,/root/phdtrack/mem2graph/data/5_graph_with_embedding_comments_-v_-a_chunk-header-node_-c_chunk-start-bytes-embedding_-e_only-max-entropy_-s_activate,chunk-start-bytes-embedding,None,None,None,None,None,None,None,None,20,228.93333333333334,0.9956483899042646,0.9994175888177053,0.997529428862084,6868.0,0.0,0.0,0.0,30.0,0,6864,4,30,0.49970879440885263,1.715328 total sec (00h 00m 01s)
Linux,rascoussie,5.4.0-165-generic,#182-Ubuntu SMP Mon Oct 2 19:43:28 UTC 2023,x86_64,x86_64,40,80,540661145600,258268729344,2023_10_28_05_04_13_060213,16,0.286196 total sec (00h 00m 00s),18,simple-gcn-pipeline,355,gcn-pipeline,/root/phdtrack/mem2graph/data/5_graph_with_embedding_comments_-v_-a_chunk-header-node_-c_chunk-start-bytes-embedding_-e_only-max-entropy_-s_activate,chunk-start-bytes-embedding,None,None,None,None,None,None,None,None,20,228.93333333333334,0.9956471271038886,0.999126383226558,0.9973837209302325,6868.0,0.0,0.0,0.0,30.0,0,6862,6,30,0.499563191613279,1.860749 total sec (00h 00m 01s)
Linux,rascoussie,5.4.0-165-generic,#182-Ubuntu SMP Mon Oct 2 19:43:28 UTC 2023,x86_64,x86_64,40,80,540661145600,258268753920,2023_10_28_05_04_13_066687,16,0.310994 total sec (00h 00m 00s),18,simple-gcn-pipeline,359,gcn-pipeline,/root/phdtrack/mem2graph/data/5_graph_with_embedding_comments_-v_-a_chunk-header-node_-c_chunk-start-bytes-embedding_-e_only-max-entropy_-s_activate,chunk-start-bytes-embedding,None,None,None,None,None,None,None,None,20,228.93333333333334,0.9955882352941177,0.9857309260337799,0.990635059994147,6868.0,0.0,0.0,0.0,30.0,0,6770,98,30,0.49286546301688994,4.76921 total sec (00h 00m 04s)
Linux,rascoussie,5.4.0-165-generic,#182-Ubuntu SMP Mon Oct 2 19:43:28 UTC 2023,x86_64,x86_64,40,80,540661145600,282069946368,2023_10_28_05_04_54_055015,16,0.760888 total sec (00h 00m 00s),39,simple-gcn-pipeline,363,gcn-pipeline,/root/phdtrack/mem2graph/data/0_graph_with_embedding_comments_-v_-a_chunk-header-node_-c_chunk-semantic-embedding_-e_none_-s_none,chunk-semantic-embedding,None,None,None,None,None,None,None,None,20,240.03333333333333,0.9958511962384179,1.0,0.997921286031042,7201.0,0.0,0.0,0.0,30.0,0,7201,0,30,0.5,3.751166 total sec (00h 00m 03s)
Linux,rascoussie,5.4.0-165-generic,#182-Ubuntu SMP Mon Oct 2 19:43:28 UTC 2023,x86_64,x86_64,40,80,540661145600,281677676544,2023_10_28_05_05_25_385439,16,0.533565 total sec (00h 00m 00s),39,simple-gcn-pipeline,367,gcn-pipeline,/root/phdtrack/mem2graph/data/0_graph_with_embedding_comments_-v_-a_chunk-header-node_-c_chunk-semantic-embedding_-e_none_-s_none,chunk-semantic-embedding,None,None,None,None,None,None,None,None,20,240.03333333333333,0.9958373803246844,0.9966671295653381,0.9962520821765686,7201.0,0.0,0.0,0.0,30.0,0,7177,24,30,0.49833356478266905,2.081928 total sec (00h 00m 02s)
Linux,rascoussie,5.4.0-165-generic,#182-Ubuntu SMP Mon Oct 2 19:43:28 UTC 2023,x86_64,x86_64,40,80,540661145600,281677676544,2023_10_28_05_05_25_384232,16,0.510385 total sec (00h 00m 00s),39,simple-gcn-pipeline,371,gcn-pipeline,/root/phdtrack/mem2graph/data/0_graph_with_embedding_comments_-v_-a_chunk-header-node_-c_chunk-semantic-embedding_-e_none_-s_none,chunk-semantic-embedding,None,None,None,None,None,None,None,None,20,240.03333333333333,0.9959570612017287,0.9920844327176781,0.9940169750939196,7201.0,0.017241379310344827,0.03333333333333333,0.022727272727272728,30.0,1,7144,57,29,0.5127088830255058,1.016985 total sec (00h 00m 01s)
Linux,rascoussie,5.4.0-165-generic,#182-Ubuntu SMP Mon Oct 2 19:43:28 UTC 2023,x86_64,x86_64,40,80,540661145600,305952145408,2023_10_28_05_06_30_253585,16,0.465195 total sec (00h 00m 00s),39,simple-gcn-pipeline,375,gcn-pipeline,/root/phdtrack/mem2graph/data/0_graph_with_embedding_comments_-v_-a_chunk-header-node_-c_chunk-semantic-embedding_-e_none_-s_none,chunk-semantic-embedding,None,None,None,None,None,None,None,None,20,240.03333333333333,0.9957941959904668,0.9863907790584641,0.9910701827821962,7201.0,0.0,0.0,0.0,30.0,0,7103,98,30,0.49319538952923203,1.259371 total sec (00h 00m 01s)
Linux,rascoussie,5.4.0-165-generic,#182-Ubuntu SMP Mon Oct 2 19:43:28 UTC 2023,x86_64,x86_64,40,80,540661145600,281051385856,2023_10_28_05_07_00_947086,16,0.651854 total sec (00h 00m 00s),39,simple-gcn-pipeline,379,gcn-pipeline,/root/phdtrack/mem2graph/data/0_graph_with_embedding_comments_-v_-a_chunk-header-node_-c_chunk-semantic-embedding_-e_none_-s_none,chunk-semantic-embedding,None,None,None,None,None,None,None,None,20,240.03333333333333,0.995825215697189,0.993750867935009,0.9947869604504065,7201.0,0.0,0.0,0.0,30.0,0,7156,45,30,0.4968754339675045,2.453406 total sec (00h 00m 02s)
Linux,rascoussie,5.4.0-165-generic,#182-Ubuntu SMP Mon Oct 2 19:43:28 UTC 2023,x86_64,x86_64,40,80,540661145600,281051385856,2023_10_28_05_07_00_946684,16,0.461979 total sec (00h 00m 00s),39,simple-gcn-pipeline,383,gcn-pipeline,/root/phdtrack/mem2graph/data/0_graph_with_embedding_comments_-v_-a_chunk-header-node_-c_chunk-semantic-embedding_-e_none_-s_none,chunk-semantic-embedding,None,None,None,None,None,None,None,None,20,240.03333333333333,0.9958088851634534,0.9898625190945702,0.992826798523574,7201.0,0.0,0.0,0.0,30.0,0,7128,73,30,0.4949312595472851,1.054232 total sec (00h 00m 01s)
Linux,rascoussie,5.4.0-165-generic,#182-Ubuntu SMP Mon Oct 2 19:43:28 UTC 2023,x86_64,x86_64,40,80,540661145600,280953733120,2023_10_28_05_07_41_452536,16,0.467547 total sec (00h 00m 00s),39,simple-gcn-pipeline,387,gcn-pipeline,/root/phdtrack/mem2graph/data/0_graph_with_embedding_comments_-v_-a_chunk-header-node_-c_chunk-semantic-embedding_-e_none_-s_none,chunk-semantic-embedding,None,None,None,None,None,None,None,None,20,240.03333333333333,0.9958471760797342,0.9990279127898903,0.9974350086655113,7201.0,0.0,0.0,0.0,30.0,0,7194,7,30,0.49951395639494517,1.767307 total sec (00h 00m 01s)
Linux,rascoussie,5.4.0-165-generic,#182-Ubuntu SMP Mon Oct 2 19:43:28 UTC 2023,x86_64,x86_64,40,80,540661145600,280660103168,2023_10_28_05_08_11_411019,16,0.569906 total sec (00h 00m 00s),39,simple-gcn-pipeline,395,gcn-pipeline,/root/phdtrack/mem2graph/data/0_graph_with_embedding_comments_-v_-a_chunk-header-node_-c_chunk-semantic-embedding_-e_none_-s_none,chunk-semantic-embedding,None,None,None,None,None,None,None,None,20,240.03333333333333,0.9958511962384179,1.0,0.997921286031042,7201.0,0.0,0.0,0.0,30.0,0,7201,0,30,0.5,4.416409 total sec (00h 00m 04s)
Linux,rascoussie,5.4.0-165-generic,#182-Ubuntu SMP Mon Oct 2 19:43:28 UTC 2023,x86_64,x86_64,40,80,540661145600,280661651456,2023_10_28_05_08_11_409737,16,0.449543 total sec (00h 00m 00s),39,simple-gcn-pipeline,391,gcn-pipeline,/root/phdtrack/mem2graph/data/0_graph_with_embedding_comments_-v_-a_chunk-header-node_-c_chunk-semantic-embedding_-e_none_-s_none,chunk-semantic-embedding,None,None,None,None,None,None,None,None,20,240.03333333333333,0.9958471760797342,0.9990279127898903,0.9974350086655113,7201.0,0.0,0.0,0.0,30.0,0,7194,7,30,0.49951395639494517,4.198698 total sec (00h 00m 04s)
Linux,rascoussie,5.4.0-165-generic,#182-Ubuntu SMP Mon Oct 2 19:43:28 UTC 2023,x86_64,x86_64,40,80,540661145600,280751648768,2023_10_28_05_08_54_175209,16,0.285482 total sec (00h 00m 00s),27,simple-gcn-pipeline,399,gcn-pipeline,/root/phdtrack/mem2graph/data/1_graph_with_embedding_comments_-v_-a_chunk-header-node_-c_chunk-statistic-embedding_-e_none_-s_none,chunk-statistic-embedding,None,None,None,None,None,None,None,None,20,160.2,0.9937965260545906,1.0,0.9968886123210952,4806.0,0.0,0.0,0.0,30.0,0,4806,0,30,0.5,4.648753 total sec (00h 00m 04s)
Linux,rascoussie,5.4.0-165-generic,#182-Ubuntu SMP Mon Oct 2 19:43:28 UTC 2023,x86_64,x86_64,40,80,540661145600,280653889536,2023_10_28_05_09_27_197475,16,0.377592 total sec (00h 00m 00s),27,simple-gcn-pipeline,407,gcn-pipeline,/root/phdtrack/mem2graph/data/1_graph_with_embedding_comments_-v_-a_chunk-header-node_-c_chunk-statistic-embedding_-e_none_-s_none,chunk-statistic-embedding,None,None,None,None,None,None,None,None,20,160.2,0.994684244099511,0.9733666250520183,0.9839099800189295,4806.0,0.03759398496240601,0.16666666666666666,0.06134969325153374,30.0,5,4678,128,25,0.5700166458593425,27.034698 total sec (00h 00m 27s)
Linux,rascoussie,5.4.0-165-generic,#182-Ubuntu SMP Mon Oct 2 19:43:28 UTC 2023,x86_64,x86_64,40,80,540661145600,280653889536,2023_10_28_05_09_27_186808,16,0.344735 total sec (00h 00m 00s),27,simple-gcn-pipeline,403,gcn-pipeline,/root/phdtrack/mem2graph/data/1_graph_with_embedding_comments_-v_-a_chunk-header-node_-c_chunk-statistic-embedding_-e_none_-s_none,chunk-statistic-embedding,None,None,None,None,None,None,None,None,20,160.2,0.9937965260545906,1.0,0.9968886123210952,4806.0,0.0,0.0,0.0,30.0,0,4806,0,30,0.5,71.474065 total sec (00h 01m 11s)
Linux,rascoussie,5.4.0-165-generic,#182-Ubuntu SMP Mon Oct 2 19:43:28 UTC 2023,x86_64,x86_64,40,80,540661145600,259109736448,2023_10_28_05_18_28_637038,16,0.3033 total sec (00h 00m 00s),27,simple-gcn-pipeline,411,gcn-pipeline,/root/phdtrack/mem2graph/data/1_graph_with_embedding_comments_-v_-a_chunk-header-node_-c_chunk-statistic-embedding_-e_none_-s_none,chunk-statistic-embedding,None,None,None,None,None,None,None,None,20,160.2,0.9937952430196484,0.9997919267582189,0.9967845659163987,4806.0,0.0,0.0,0.0,30.0,0,4805,1,30,0.49989596337910946,2.874775 total sec (00h 00m 02s)
Linux,rascoussie,5.4.0-165-generic,#182-Ubuntu SMP Mon Oct 2 19:43:28 UTC 2023,x86_64,x86_64,40,80,540661145600,259963973632,2023_10_28_05_19_02_555984,16,0.294182 total sec (00h 00m 00s),27,simple-gcn-pipeline,415,gcn-pipeline,/root/phdtrack/mem2graph/data/1_graph_with_embedding_comments_-v_-a_chunk-header-node_-c_chunk-statistic-embedding_-e_none_-s_none,chunk-statistic-embedding,None,None,None,None,None,None,None,None,20,160.2,0.9937888198757764,0.9987515605493134,0.9962640099626401,4806.0,0.0,0.0,0.0,30.0,0,4800,6,30,0.4993757802746567,2.718222 total sec (00h 00m 02s)
Linux,rascoussie,5.4.0-165-generic,#182-Ubuntu SMP Mon Oct 2 19:43:28 UTC 2023,x86_64,x86_64,40,80,540661145600,259963973632,2023_10_28_05_19_02_555217,16,0.634932 total sec (00h 00m 00s),27,simple-gcn-pipeline,419,gcn-pipeline,/root/phdtrack/mem2graph/data/1_graph_with_embedding_comments_-v_-a_chunk-header-node_-c_chunk-statistic-embedding_-e_none_-s_none,chunk-statistic-embedding,None,None,None,None,None,None,None,None,20,160.2,0.9937772246421904,0.9968789013732834,0.9953256466188845,4806.0,0.0,0.0,0.0,30.0,0,4791,15,30,0.4984394506866417,1.788817 total sec (00h 00m 01s)
Linux,rascoussie,5.4.0-165-generic,#182-Ubuntu SMP Mon Oct 2 19:43:28 UTC 2023,x86_64,x86_64,40,80,540661145600,259406405632,2023_10_28_05_19_42_566828,16,0.297507 total sec (00h 00m 00s),27,simple-gcn-pipeline,423,gcn-pipeline,/root/phdtrack/mem2graph/data/1_graph_with_embedding_comments_-v_-a_chunk-header-node_-c_chunk-statistic-embedding_-e_none_-s_none,chunk-statistic-embedding,None,None,None,None,None,None,None,None,20,160.2,0.9937965260545906,1.0,0.9968886123210952,4806.0,0.0,0.0,0.0,30.0,0,4806,0,30,0.5,1.777288 total sec (00h 00m 01s)
Linux,rascoussie,5.4.0-165-generic,#182-Ubuntu SMP Mon Oct 2 19:43:28 UTC 2023,x86_64,x86_64,40,80,540661145600,259240218624,2023_10_28_05_20_13_816414,16,0.441877 total sec (00h 00m 00s),27,simple-gcn-pipeline,431,gcn-pipeline,/root/phdtrack/mem2graph/data/1_graph_with_embedding_comments_-v_-a_chunk-header-node_-c_chunk-statistic-embedding_-e_none_-s_none,chunk-statistic-embedding,None,None,None,None,None,None,None,None,20,160.2,0.9942881320076158,0.9779442363712026,0.9860484632329801,4806.0,0.027522935779816515,0.1,0.04316546762589928,30.0,3,4700,106,27,0.5389721181856013,1.928631 total sec (00h 00m 01s)
Linux,rascoussie,5.4.0-165-generic,#182-Ubuntu SMP Mon Oct 2 19:43:28 UTC 2023,x86_64,x86_64,40,80,540661145600,259240218624,2023_10_28_05_20_13_815139,16,0.292391 total sec (00h 00m 00s),27,simple-gcn-pipeline,427,gcn-pipeline,/root/phdtrack/mem2graph/data/1_graph_with_embedding_comments_-v_-a_chunk-header-node_-c_chunk-statistic-embedding_-e_none_-s_none,chunk-statistic-embedding,None,None,None,None,None,None,None,None,20,160.2,0.9942159383033419,0.9656679151061174,0.9797340088663712,4806.0,0.017857142857142856,0.1,0.030303030303030304,30.0,3,4641,165,27,0.5328339575530587,1.513018 total sec (00h 00m 01s)
Linux,rascoussie,5.4.0-165-generic,#182-Ubuntu SMP Mon Oct 2 19:43:28 UTC 2023,x86_64,x86_64,40,80,540661145600,259125755904,2023_10_28_05_20_53_403543,16,979.045116 total sec (00h 16m 19s),168,simple-gcn-pipeline,435,gcn-pipeline,/root/phdtrack/mem2graph/data/3_graph_with_embedding_comments_-v_-a_chunk-header-node_-c_chunk-semantic-embedding_-e_only-max-entropy_-s_activate,node2vec-chunk-semantic-embedding,128,16,50,0.5,0.5,10,8,16,20,214.13333333333333,0.9953517198636505,1.0,0.9976704457213854,6424.0,0.0,0.0,0.0,30.0,0,6424,0,30,0.5,1.348144 total sec (00h 00m 01s)
Linux,rascoussie,5.4.0-165-generic,#182-Ubuntu SMP Mon Oct 2 19:43:28 UTC 2023,x86_64,x86_64,40,80,540661145600,257890672640,2023_10_28_05_39_15_868256,16,989.209068 total sec (00h 16m 29s),168,simple-gcn-pipeline,443,gcn-pipeline,/root/phdtrack/mem2graph/data/3_graph_with_embedding_comments_-v_-a_chunk-header-node_-c_chunk-semantic-embedding_-e_only-max-entropy_-s_activate,node2vec-chunk-semantic-embedding,128,16,50,0.5,1.5,10,8,16,20,214.13333333333333,0.9953452288595811,0.9985990037359901,0.9969694614966198,6424.0,0.0,0.0,0.0,30.0,0,6415,9,30,0.49929950186799504,22.938962 total sec (00h 00m 22s)
Linux,rascoussie,5.4.0-165-generic,#182-Ubuntu SMP Mon Oct 2 19:43:28 UTC 2023,x86_64,x86_64,40,80,540661145600,257890672640,2023_10_28_05_39_15_857737,16,1032.268647 total sec (00h 17m 12s),168,simple-gcn-pipeline,439,gcn-pipeline,/root/phdtrack/mem2graph/data/3_graph_with_embedding_comments_-v_-a_chunk-header-node_-c_chunk-semantic-embedding_-e_only-max-entropy_-s_activate,node2vec-chunk-semantic-embedding,128,16,50,0.5,1.0,10,8,16,20,214.13333333333333,0.9953029591357445,0.9895703611457036,0.9924283818593397,6424.0,0.0,0.0,0.0,30.0,0,6357,67,30,0.4947851805728518,8.162079 total sec (00h 00m 08s)
Linux,rascoussie,5.4.0-165-generic,#182-Ubuntu SMP Mon Oct 2 19:43:28 UTC 2023,x86_64,x86_64,40,80,540661145600,299801325568,2023_10_28_05_57_19_707088,16,1000.477695 total sec (00h 16m 40s),168,simple-gcn-pipeline,447,gcn-pipeline,/root/phdtrack/mem2graph/data/3_graph_with_embedding_comments_-v_-a_chunk-header-node_-c_chunk-semantic-embedding_-e_only-max-entropy_-s_activate,node2vec-chunk-semantic-embedding,128,16,50,1.0,0.5,10,8,16,20,214.13333333333333,0.9953372707491451,0.9968866749688667,0.9961113703530875,6424.0,0.0,0.0,0.0,30.0,0,6404,20,30,0.49844333748443337,14.656128 total sec (00h 00m 14s)
Linux,rascoussie,5.4.0-165-generic,#182-Ubuntu SMP Mon Oct 2 19:43:28 UTC 2023,x86_64,x86_64,40,80,540661145600,271584817152,2023_10_28_06_15_34_138913,16,1074.231468 total sec (00h 17m 54s),168,simple-gcn-pipeline,455,gcn-pipeline,/root/phdtrack/mem2graph/data/3_graph_with_embedding_comments_-v_-a_chunk-header-node_-c_chunk-semantic-embedding_-e_only-max-entropy_-s_activate,node2vec-chunk-semantic-embedding,128,16,50,1.0,1.5,10,8,16,20,214.13333333333333,0.9953473945409429,0.99906600249066,0.9972032318210069,6424.0,0.0,0.0,0.0,30.0,0,6418,6,30,0.49953300124533,4.749154 total sec (00h 00m 04s)
Linux,rascoussie,5.4.0-165-generic,#182-Ubuntu SMP Mon Oct 2 19:43:28 UTC 2023,x86_64,x86_64,40,80,540661145600,271593074688,2023_10_28_06_15_34_112316,16,1091.837225 total sec (00h 18m 11s),168,simple-gcn-pipeline,451,gcn-pipeline,/root/phdtrack/mem2graph/data/3_graph_with_embedding_comments_-v_-a_chunk-header-node_-c_chunk-semantic-embedding_-e_only-max-entropy_-s_activate,node2vec-chunk-semantic-embedding,128,16,50,1.0,1.0,10,8,16,20,214.13333333333333,0.9953495582080297,0.9995330012453301,0.9974368932038836,6424.0,0.0,0.0,0.0,30.0,0,6421,3,30,0.49976650062266503,26.329318 total sec (00h 00m 26s)
Linux,rascoussie,5.4.0-165-generic,#182-Ubuntu SMP Mon Oct 2 19:43:28 UTC 2023,x86_64,x86_64,40,80,540661145600,257946701824,2023_10_28_06_37_12_037753,16,1244.59542 total sec (00h 20m 44s),168,simple-gcn-pipeline,459,gcn-pipeline,/root/phdtrack/mem2graph/data/3_graph_with_embedding_comments_-v_-a_chunk-header-node_-c_chunk-semantic-embedding_-e_only-max-entropy_-s_activate,node2vec-chunk-semantic-embedding,128,16,50,1.5,0.5,10,8,16,20,214.13333333333333,0.9953278305559882,0.9948630136986302,0.9950953678474114,6424.0,0.0,0.0,0.0,30.0,0,6391,33,30,0.4974315068493151,0.957988 total sec (00h 00m 00s)
Linux,rascoussie,5.4.0-165-generic,#182-Ubuntu SMP Mon Oct 2 19:43:28 UTC 2023,x86_64,x86_64,40,80,540661145600,255082848256,2023_10_28_06_58_24_705083,16,1036.26694 total sec (00h 17m 16s),168,simple-gcn-pipeline,463,gcn-pipeline,/root/phdtrack/mem2graph/data/3_graph_with_embedding_comments_-v_-a_chunk-header-node_-c_chunk-semantic-embedding_-e_only-max-entropy_-s_activate,node2vec-chunk-semantic-embedding,128,16,50,1.5,1.0,10,8,16,20,214.13333333333333,0.9953481159869747,0.9992216687422167,0.9972811310494833,6424.0,0.0,0.0,0.0,30.0,0,6419,5,30,0.49961083437110837,1.313015 total sec (00h 00m 01s)
Linux,rascoussie,5.4.0-165-generic,#182-Ubuntu SMP Mon Oct 2 19:43:28 UTC 2023,x86_64,x86_64,40,80,540661145600,255082848256,2023_10_28_06_58_24_705191,16,1048.88681 total sec (00h 17m 28s),168,simple-gcn-pipeline,467,gcn-pipeline,/root/phdtrack/mem2graph/data/3_graph_with_embedding_comments_-v_-a_chunk-header-node_-c_chunk-semantic-embedding_-e_only-max-entropy_-s_activate,node2vec-chunk-semantic-embedding,128,16,50,1.5,1.5,10,8,16,20,214.13333333333333,0.9952206468057989,0.9724470734744707,0.9837020707030941,6424.0,0.0,0.0,0.0,30.0,0,6247,177,30,0.4862235367372354,2.331407 total sec (00h 00m 02s)
Linux,rascoussie,5.4.0-165-generic,#182-Ubuntu SMP Mon Oct 2 19:43:28 UTC 2023,x86_64,x86_64,40,80,540661145600,254619410432,2023_10_28_07_16_35_271517,16,1269.53363 total sec (00h 21m 09s),156,simple-gcn-pipeline,471,gcn-pipeline,/root/phdtrack/mem2graph/data/4_graph_with_embedding_comments_-v_-a_chunk-header-node_-c_chunk-statistic-embedding_-e_only-max-entropy_-s_activate,node2vec-chunk-statistic-embedding,128,16,50,0.5,0.5,10,8,16,20,222.66666666666666,0.9955270612792605,0.9995508982035928,0.9975349219391947,6680.0,0.0,0.0,0.0,30.0,0,6677,3,30,0.4997754491017964,1.163554 total sec (00h 00m 01s)
