system,node_name,release,version,machine,processor,physical_cores,total_cores,total_memory,available_memory,start_time,index,pipeline_name,input_mem2graph_dataset_dir_path,node_embedding,node2vec_dimensions,node2vec_walk_length,node2vec_num_walks,node2vec_p,node2vec_q,node2vec_window,node2vec_batch_words,node2vec_workers,random_forest_n_estimators,random_forest_n_jobs,nb_input_graphs,imbalance_ratio,precision_class_0,recall_class_0,f1_score_class_0,support_class_0,precision_class_1,recall_class_1,f1_score_class_1,support_class_1,true_positives,true_negatives,false_positives,false_negatives,AUC,end_time,duration
Linux,nixos,6.1.57,#1-NixOS SMP PREEMPT_DYNAMIC Tue Oct 10 20:00:46 UTC 2023,x86_64,,14,20,67171385344,55216410624,2023_10_21_19_26_33_627222,0,random-forest-pipeline,/home/onyr/code/phdtrack/mem2graph/data/5_filtered_graph_with_embedding_comments_-v_-a_chunk-header-node_-c_chunk-semantic-embedding_-e_min-of-chunk-treshold-entropy_-s_activate,"['node2vec', 'chunk']",128,16,50,0.5,0.5,10,8,16,100,5,3,152.5,0.993485342019544,1.0,0.9967320261437909,915.0,0.0,0.0,0.0,6.0,0,915,0,6,0.5,2023_10_21_19_27_07_515303,33.888081 total sec (00h 00m 33s)
Linux,nixos,6.1.57,#1-NixOS SMP PREEMPT_DYNAMIC Tue Oct 10 20:00:46 UTC 2023,x86_64,,14,20,67171385344,55207641088,2023_10_21_19_26_33_631716,4,random-forest-pipeline,/home/onyr/code/phdtrack/mem2graph/data/5_filtered_graph_with_embedding_comments_-v_-a_chunk-header-node_-c_chunk-semantic-embedding_-e_min-of-chunk-treshold-entropy_-s_activate,"['node2vec', 'chunk']",128,16,50,0.5,1.0,10,8,16,100,5,3,152.5,0.993485342019544,1.0,0.9967320261437909,915.0,0.0,0.0,0.0,6.0,0,915,0,6,0.5,2023_10_21_19_27_07_853283,34.221567 total sec (00h 00m 34s)
Linux,nixos,6.1.57,#1-NixOS SMP PREEMPT_DYNAMIC Tue Oct 10 20:00:46 UTC 2023,x86_64,,14,20,67171385344,55208157184,2023_10_21_19_26_33_631211,5,random-forest-pipeline,/home/onyr/code/phdtrack/mem2graph/data/5_filtered_graph_with_embedding_comments_-v_-a_chunk-header-node_-c_chunk-semantic-embedding_-e_min-of-chunk-treshold-entropy_-s_activate,"['node2vec', 'chunk']",128,16,50,0.5,1.0,10,8,16,500,5,3,152.5,0.993485342019544,1.0,0.9967320261437909,915.0,0.0,0.0,0.0,6.0,0,915,0,6,0.5,2023_10_21_19_27_07_955351,34.32414 total sec (00h 00m 34s)
Linux,nixos,6.1.57,#1-NixOS SMP PREEMPT_DYNAMIC Tue Oct 10 20:00:46 UTC 2023,x86_64,,14,20,67171385344,55207641088,2023_10_21_19_26_33_631586,1,random-forest-pipeline,/home/onyr/code/phdtrack/mem2graph/data/5_filtered_graph_with_embedding_comments_-v_-a_chunk-header-node_-c_chunk-semantic-embedding_-e_min-of-chunk-treshold-entropy_-s_activate,"['node2vec', 'chunk']",128,16,50,0.5,0.5,10,8,16,500,5,3,152.5,0.993485342019544,1.0,0.9967320261437909,915.0,0.0,0.0,0.0,6.0,0,915,0,6,0.5,2023_10_21_19_27_08_531515,34.899929 total sec (00h 00m 34s)
Linux,nixos,6.1.57,#1-NixOS SMP PREEMPT_DYNAMIC Tue Oct 10 20:00:46 UTC 2023,x86_64,,14,20,67171385344,55207641088,2023_10_21_19_26_33_631652,2,random-forest-pipeline,/home/onyr/code/phdtrack/mem2graph/data/5_filtered_graph_with_embedding_comments_-v_-a_chunk-header-node_-c_chunk-semantic-embedding_-e_min-of-chunk-treshold-entropy_-s_activate,"['node2vec', 'chunk']",128,16,50,0.5,0.5,10,8,16,1000,5,3,152.5,0.993485342019544,1.0,0.9967320261437909,915.0,0.0,0.0,0.0,6.0,0,915,0,6,0.5,2023_10_21_19_27_09_711353,36.079701 total sec (00h 00m 36s)
Linux,nixos,6.1.57,#1-NixOS SMP PREEMPT_DYNAMIC Tue Oct 10 20:00:46 UTC 2023,x86_64,,14,20,67171385344,46977097728,2023_10_21_19_27_07_858536,8,random-forest-pipeline,/home/onyr/code/phdtrack/mem2graph/data/5_filtered_graph_with_embedding_comments_-v_-a_chunk-header-node_-c_chunk-semantic-embedding_-e_min-of-chunk-treshold-entropy_-s_activate,"['node2vec', 'chunk']",128,16,50,0.5,1.5,10,8,16,100,5,3,152.5,0.993485342019544,1.0,0.9967320261437909,915.0,0.0,0.0,0.0,6.0,0,915,0,6,0.5,2023_10_21_19_27_36_474070,28.615534 total sec (00h 00m 28s)
Linux,nixos,6.1.57,#1-NixOS SMP PREEMPT_DYNAMIC Tue Oct 10 20:00:46 UTC 2023,x86_64,,14,20,67171385344,46911213568,2023_10_21_19_27_07_959174,9,random-forest-pipeline,/home/onyr/code/phdtrack/mem2graph/data/5_filtered_graph_with_embedding_comments_-v_-a_chunk-header-node_-c_chunk-semantic-embedding_-e_min-of-chunk-treshold-entropy_-s_activate,"['node2vec', 'chunk']",128,16,50,0.5,1.5,10,8,16,500,5,3,152.5,0.993485342019544,1.0,0.9967320261437909,915.0,0.0,0.0,0.0,6.0,0,915,0,6,0.5,2023_10_21_19_27_37_465497,29.506323 total sec (00h 00m 29s)
Linux,nixos,6.1.57,#1-NixOS SMP PREEMPT_DYNAMIC Tue Oct 10 20:00:46 UTC 2023,x86_64,,14,20,67171385344,46975594496,2023_10_21_19_27_07_242514,6,random-forest-pipeline,/home/onyr/code/phdtrack/mem2graph/data/5_filtered_graph_with_embedding_comments_-v_-a_chunk-header-node_-c_chunk-semantic-embedding_-e_min-of-chunk-treshold-entropy_-s_activate,"['node2vec', 'chunk']",128,16,50,0.5,1.0,10,8,16,1000,5,3,152.5,0.993485342019544,1.0,0.9967320261437909,915.0,0.0,0.0,0.0,6.0,0,915,0,6,0.5,2023_10_21_19_27_37_590539,30.348025 total sec (00h 00m 30s)
Linux,nixos,6.1.57,#1-NixOS SMP PREEMPT_DYNAMIC Tue Oct 10 20:00:46 UTC 2023,x86_64,,14,20,67171385344,46954164224,2023_10_21_19_27_08_537737,10,random-forest-pipeline,/home/onyr/code/phdtrack/mem2graph/data/5_filtered_graph_with_embedding_comments_-v_-a_chunk-header-node_-c_chunk-semantic-embedding_-e_min-of-chunk-treshold-entropy_-s_activate,"['node2vec', 'chunk']",128,16,50,0.5,1.5,10,8,16,1000,5,3,152.5,0.993485342019544,1.0,0.9967320261437909,915.0,0.0,0.0,0.0,6.0,0,915,0,6,0.5,2023_10_21_19_27_39_166911,30.629174 total sec (00h 00m 30s)
Linux,nixos,6.1.57,#1-NixOS SMP PREEMPT_DYNAMIC Tue Oct 10 20:00:46 UTC 2023,x86_64,,14,20,67171385344,46928044032,2023_10_21_19_27_36_294124,12,random-forest-pipeline,/home/onyr/code/phdtrack/mem2graph/data/5_filtered_graph_with_embedding_comments_-v_-a_chunk-header-node_-c_chunk-semantic-embedding_-e_min-of-chunk-treshold-entropy_-s_activate,"['node2vec', 'chunk']",128,16,50,1.0,0.5,10,8,16,100,5,3,152.5,0.993485342019544,1.0,0.9967320261437909,915.0,0.0,0.0,0.0,6.0,0,915,0,6,0.5,2023_10_21_19_28_05_813546,29.519422 total sec (00h 00m 29s)
Linux,nixos,6.1.57,#1-NixOS SMP PREEMPT_DYNAMIC Tue Oct 10 20:00:46 UTC 2023,x86_64,,14,20,67171385344,46923943936,2023_10_21_19_27_36_475599,13,random-forest-pipeline,/home/onyr/code/phdtrack/mem2graph/data/5_filtered_graph_with_embedding_comments_-v_-a_chunk-header-node_-c_chunk-semantic-embedding_-e_min-of-chunk-treshold-entropy_-s_activate,"['node2vec', 'chunk']",128,16,50,1.0,0.5,10,8,16,500,5,3,152.5,0.993485342019544,1.0,0.9967320261437909,915.0,0.0,0.0,0.0,6.0,0,915,0,6,0.5,2023_10_21_19_28_06_906154,30.430555 total sec (00h 00m 30s)
Linux,nixos,6.1.57,#1-NixOS SMP PREEMPT_DYNAMIC Tue Oct 10 20:00:46 UTC 2023,x86_64,,14,20,67171385344,46914605056,2023_10_21_19_27_38_397542,16,random-forest-pipeline,/home/onyr/code/phdtrack/mem2graph/data/5_filtered_graph_with_embedding_comments_-v_-a_chunk-header-node_-c_chunk-semantic-embedding_-e_min-of-chunk-treshold-entropy_-s_activate,"['node2vec', 'chunk']",128,16,50,1.0,1.0,10,8,16,100,5,3,152.5,0.993485342019544,1.0,0.9967320261437909,915.0,0.0,0.0,0.0,6.0,0,915,0,6,0.5,2023_10_21_19_28_08_109000,29.711458 total sec (00h 00m 29s)
Linux,nixos,6.1.57,#1-NixOS SMP PREEMPT_DYNAMIC Tue Oct 10 20:00:46 UTC 2023,x86_64,,14,20,67171385344,46910554112,2023_10_21_19_27_37_467413,14,random-forest-pipeline,/home/onyr/code/phdtrack/mem2graph/data/5_filtered_graph_with_embedding_comments_-v_-a_chunk-header-node_-c_chunk-semantic-embedding_-e_min-of-chunk-treshold-entropy_-s_activate,"['node2vec', 'chunk']",128,16,50,1.0,0.5,10,8,16,1000,5,3,152.5,0.993485342019544,1.0,0.9967320261437909,915.0,0.0,0.0,0.0,6.0,0,915,0,6,0.5,2023_10_21_19_28_08_757705,31.290292 total sec (00h 00m 31s)
Linux,nixos,6.1.57,#1-NixOS SMP PREEMPT_DYNAMIC Tue Oct 10 20:00:46 UTC 2023,x86_64,,14,20,67171385344,46895951872,2023_10_21_19_27_39_169089,17,random-forest-pipeline,/home/onyr/code/phdtrack/mem2graph/data/5_filtered_graph_with_embedding_comments_-v_-a_chunk-header-node_-c_chunk-semantic-embedding_-e_min-of-chunk-treshold-entropy_-s_activate,"['node2vec', 'chunk']",128,16,50,1.0,1.0,10,8,16,500,5,3,152.5,0.993485342019544,1.0,0.9967320261437909,915.0,0.0,0.0,0.0,6.0,0,915,0,6,0.5,2023_10_21_19_28_09_505997,30.336908 total sec (00h 00m 30s)
Linux,nixos,6.1.57,#1-NixOS SMP PREEMPT_DYNAMIC Tue Oct 10 20:00:46 UTC 2023,x86_64,,14,20,67171385344,46888431616,2023_10_21_19_28_07_183146,20,random-forest-pipeline,/home/onyr/code/phdtrack/mem2graph/data/5_filtered_graph_with_embedding_comments_-v_-a_chunk-header-node_-c_chunk-semantic-embedding_-e_min-of-chunk-treshold-entropy_-s_activate,"['node2vec', 'chunk']",128,16,50,1.0,1.5,10,8,16,100,5,3,152.5,0.993485342019544,1.0,0.9967320261437909,915.0,0.0,0.0,0.0,6.0,0,915,0,6,0.5,2023_10_21_19_28_35_707019,28.523873 total sec (00h 00m 28s)
Linux,nixos,6.1.57,#1-NixOS SMP PREEMPT_DYNAMIC Tue Oct 10 20:00:46 UTC 2023,x86_64,,14,20,67171385344,46889111552,2023_10_21_19_28_05_815401,18,random-forest-pipeline,/home/onyr/code/phdtrack/mem2graph/data/5_filtered_graph_with_embedding_comments_-v_-a_chunk-header-node_-c_chunk-semantic-embedding_-e_min-of-chunk-treshold-entropy_-s_activate,"['node2vec', 'chunk']",128,16,50,1.0,1.0,10,8,16,1000,5,3,152.5,0.993485342019544,1.0,0.9967320261437909,915.0,0.0,0.0,0.0,6.0,0,915,0,6,0.5,2023_10_21_19_28_36_254229,30.438828 total sec (00h 00m 30s)
Linux,nixos,6.1.57,#1-NixOS SMP PREEMPT_DYNAMIC Tue Oct 10 20:00:46 UTC 2023,x86_64,,14,20,67171385344,46890590208,2023_10_21_19_28_08_111594,21,random-forest-pipeline,/home/onyr/code/phdtrack/mem2graph/data/5_filtered_graph_with_embedding_comments_-v_-a_chunk-header-node_-c_chunk-semantic-embedding_-e_min-of-chunk-treshold-entropy_-s_activate,"['node2vec', 'chunk']",128,16,50,1.0,1.5,10,8,16,500,5,3,152.5,0.993485342019544,1.0,0.9967320261437909,915.0,0.0,0.0,0.0,6.0,0,915,0,6,0.5,2023_10_21_19_28_37_622254,29.51066 total sec (00h 00m 29s)
Linux,nixos,6.1.57,#1-NixOS SMP PREEMPT_DYNAMIC Tue Oct 10 20:00:46 UTC 2023,x86_64,,14,20,67171385344,46883713024,2023_10_21_19_28_08_760180,22,random-forest-pipeline,/home/onyr/code/phdtrack/mem2graph/data/5_filtered_graph_with_embedding_comments_-v_-a_chunk-header-node_-c_chunk-semantic-embedding_-e_min-of-chunk-treshold-entropy_-s_activate,"['node2vec', 'chunk']",128,16,50,1.0,1.5,10,8,16,1000,5,3,152.5,0.993485342019544,1.0,0.9967320261437909,915.0,0.0,0.0,0.0,6.0,0,915,0,6,0.5,2023_10_21_19_28_39_087559,30.327379 total sec (00h 00m 30s)
Linux,nixos,6.1.57,#1-NixOS SMP PREEMPT_DYNAMIC Tue Oct 10 20:00:46 UTC 2023,x86_64,,14,20,67171385344,46891544576,2023_10_21_19_28_35_708994,24,random-forest-pipeline,/home/onyr/code/phdtrack/mem2graph/data/5_filtered_graph_with_embedding_comments_-v_-a_chunk-header-node_-c_chunk-semantic-embedding_-e_min-of-chunk-treshold-entropy_-s_activate,"['node2vec', 'chunk']",128,16,50,1.5,0.5,10,8,16,100,5,3,152.5,0.993485342019544,1.0,0.9967320261437909,915.0,0.0,0.0,0.0,6.0,0,915,0,6,0.5,2023_10_21_19_29_04_986183,29.277189 total sec (00h 00m 29s)
Linux,nixos,6.1.57,#1-NixOS SMP PREEMPT_DYNAMIC Tue Oct 10 20:00:46 UTC 2023,x86_64,,14,20,67171385344,46742806528,2023_10_21_19_28_35_881352,25,random-forest-pipeline,/home/onyr/code/phdtrack/mem2graph/data/5_filtered_graph_with_embedding_comments_-v_-a_chunk-header-node_-c_chunk-semantic-embedding_-e_min-of-chunk-treshold-entropy_-s_activate,"['node2vec', 'chunk']",128,16,50,1.5,0.5,10,8,16,500,5,3,152.5,0.993485342019544,1.0,0.9967320261437909,915.0,0.0,0.0,0.0,6.0,0,915,0,6,0.5,2023_10_21_19_29_06_021605,30.140253 total sec (00h 00m 30s)
Linux,nixos,6.1.57,#1-NixOS SMP PREEMPT_DYNAMIC Tue Oct 10 20:00:46 UTC 2023,x86_64,,14,20,67171385344,46854701056,2023_10_21_19_28_36_256249,26,random-forest-pipeline,/home/onyr/code/phdtrack/mem2graph/data/5_filtered_graph_with_embedding_comments_-v_-a_chunk-header-node_-c_chunk-semantic-embedding_-e_min-of-chunk-treshold-entropy_-s_activate,"['node2vec', 'chunk']",128,16,50,1.5,0.5,10,8,16,1000,5,3,152.5,0.993485342019544,1.0,0.9967320261437909,915.0,0.0,0.0,0.0,6.0,0,915,0,6,0.5,2023_10_21_19_29_07_536161,31.279912 total sec (00h 00m 31s)
Linux,nixos,6.1.57,#1-NixOS SMP PREEMPT_DYNAMIC Tue Oct 10 20:00:46 UTC 2023,x86_64,,14,20,67171385344,46857768960,2023_10_21_19_28_38_297902,28,random-forest-pipeline,/home/onyr/code/phdtrack/mem2graph/data/5_filtered_graph_with_embedding_comments_-v_-a_chunk-header-node_-c_chunk-semantic-embedding_-e_min-of-chunk-treshold-entropy_-s_activate,"['node2vec', 'chunk']",128,16,50,1.5,1.0,10,8,16,100,5,3,152.5,0.993485342019544,1.0,0.9967320261437909,915.0,0.0,0.0,0.0,6.0,0,915,0,6,0.5,2023_10_21_19_29_07_546191,29.248289 total sec (00h 00m 29s)
Linux,nixos,6.1.57,#1-NixOS SMP PREEMPT_DYNAMIC Tue Oct 10 20:00:46 UTC 2023,x86_64,,14,20,67171385344,46849986560,2023_10_21_19_28_39_089567,29,random-forest-pipeline,/home/onyr/code/phdtrack/mem2graph/data/5_filtered_graph_with_embedding_comments_-v_-a_chunk-header-node_-c_chunk-semantic-embedding_-e_min-of-chunk-treshold-entropy_-s_activate,"['node2vec', 'chunk']",128,16,50,1.5,1.0,10,8,16,500,5,3,152.5,0.993485342019544,1.0,0.9967320261437909,915.0,0.0,0.0,0.0,6.0,0,915,0,6,0.5,2023_10_21_19_29_09_266878,30.177311 total sec (00h 00m 30s)
Linux,nixos,6.1.57,#1-NixOS SMP PREEMPT_DYNAMIC Tue Oct 10 20:00:46 UTC 2023,x86_64,,14,20,67171385344,46712913920,2023_10_21_19_29_04_987631,30,random-forest-pipeline,/home/onyr/code/phdtrack/mem2graph/data/5_filtered_graph_with_embedding_comments_-v_-a_chunk-header-node_-c_chunk-semantic-embedding_-e_min-of-chunk-treshold-entropy_-s_activate,"['node2vec', 'chunk']",128,16,50,1.5,1.0,10,8,16,1000,5,3,152.5,0.993485342019544,1.0,0.9967320261437909,915.0,0.0,0.0,0.0,6.0,0,915,0,6,0.5,2023_10_21_19_29_36_217946,31.230315 total sec (00h 00m 31s)
Linux,nixos,6.1.57,#1-NixOS SMP PREEMPT_DYNAMIC Tue Oct 10 20:00:46 UTC 2023,x86_64,,14,20,67171385344,46746152960,2023_10_21_19_29_07_298314,32,random-forest-pipeline,/home/onyr/code/phdtrack/mem2graph/data/5_filtered_graph_with_embedding_comments_-v_-a_chunk-header-node_-c_chunk-semantic-embedding_-e_min-of-chunk-treshold-entropy_-s_activate,"['node2vec', 'chunk']",128,16,50,1.5,1.5,10,8,16,100,5,3,152.5,0.993485342019544,1.0,0.9967320261437909,915.0,0.0,0.0,0.0,6.0,0,915,0,6,0.5,2023_10_21_19_29_36_829950,29.531636 total sec (00h 00m 29s)
Linux,nixos,6.1.57,#1-NixOS SMP PREEMPT_DYNAMIC Tue Oct 10 20:00:46 UTC 2023,x86_64,,14,20,67171385344,46768603136,2023_10_21_19_29_07_538322,33,random-forest-pipeline,/home/onyr/code/phdtrack/mem2graph/data/5_filtered_graph_with_embedding_comments_-v_-a_chunk-header-node_-c_chunk-semantic-embedding_-e_min-of-chunk-treshold-entropy_-s_activate,"['node2vec', 'chunk']",128,16,50,1.5,1.5,10,8,16,500,5,3,152.5,0.993485342019544,1.0,0.9967320261437909,915.0,0.0,0.0,0.0,6.0,0,915,0,6,0.5,2023_10_21_19_29_37_952322,30.414 total sec (00h 00m 30s)
Linux,nixos,6.1.57,#1-NixOS SMP PREEMPT_DYNAMIC Tue Oct 10 20:00:46 UTC 2023,x86_64,,14,20,67171385344,46770044928,2023_10_21_19_29_07_548204,34,random-forest-pipeline,/home/onyr/code/phdtrack/mem2graph/data/5_filtered_graph_with_embedding_comments_-v_-a_chunk-header-node_-c_chunk-semantic-embedding_-e_min-of-chunk-treshold-entropy_-s_activate,"['node2vec', 'chunk']",128,16,50,1.5,1.5,10,8,16,1000,5,3,152.5,0.993485342019544,1.0,0.9967320261437909,915.0,0.0,0.0,0.0,6.0,0,915,0,6,0.5,2023_10_21_19_29_38_675124,31.12692 total sec (00h 00m 31s)
Linux,nixos,6.1.57,#1-NixOS SMP PREEMPT_DYNAMIC Tue Oct 10 20:00:46 UTC 2023,x86_64,,14,20,67171385344,46840201216,2023_10_21_19_29_35_558984,36,random-forest-pipeline,/home/onyr/code/phdtrack/mem2graph/data/5_filtered_graph_with_embedding_comments_-v_-a_chunk-header-node_-c_chunk-semantic-embedding_-e_min-of-chunk-treshold-entropy_-s_activate,"['node2vec', 'chunk']",128,16,100,0.5,0.5,10,8,16,100,5,3,152.5,0.993485342019544,1.0,0.9967320261437909,915.0,0.0,0.0,0.0,6.0,0,915,0,6,0.5,2023_10_21_19_30_31_772713,56.213729 total sec (00h 00m 56s)
Linux,nixos,6.1.57,#1-NixOS SMP PREEMPT_DYNAMIC Tue Oct 10 20:00:46 UTC 2023,x86_64,,14,20,67171385344,46816169984,2023_10_21_19_29_36_219926,37,random-forest-pipeline,/home/onyr/code/phdtrack/mem2graph/data/5_filtered_graph_with_embedding_comments_-v_-a_chunk-header-node_-c_chunk-semantic-embedding_-e_min-of-chunk-treshold-entropy_-s_activate,"['node2vec', 'chunk']",128,16,100,0.5,0.5,10,8,16,500,5,3,152.5,0.993485342019544,1.0,0.9967320261437909,915.0,0.0,0.0,0.0,6.0,0,915,0,6,0.5,2023_10_21_19_30_32_920271,56.700345 total sec (00h 00m 56s)
Linux,nixos,6.1.57,#1-NixOS SMP PREEMPT_DYNAMIC Tue Oct 10 20:00:46 UTC 2023,x86_64,,14,20,67171385344,46822899712,2023_10_21_19_29_38_577725,40,random-forest-pipeline,/home/onyr/code/phdtrack/mem2graph/data/5_filtered_graph_with_embedding_comments_-v_-a_chunk-header-node_-c_chunk-semantic-embedding_-e_min-of-chunk-treshold-entropy_-s_activate,"['node2vec', 'chunk']",128,16,100,0.5,1.0,10,8,16,100,5,3,152.5,0.993485342019544,1.0,0.9967320261437909,915.0,0.0,0.0,0.0,6.0,0,915,0,6,0.5,2023_10_21_19_30_34_596785,56.01906 total sec (00h 00m 56s)
Linux,nixos,6.1.57,#1-NixOS SMP PREEMPT_DYNAMIC Tue Oct 10 20:00:46 UTC 2023,x86_64,,14,20,67171385344,46829998080,2023_10_21_19_29_36_831406,38,random-forest-pipeline,/home/onyr/code/phdtrack/mem2graph/data/5_filtered_graph_with_embedding_comments_-v_-a_chunk-header-node_-c_chunk-semantic-embedding_-e_min-of-chunk-treshold-entropy_-s_activate,"['node2vec', 'chunk']",128,16,100,0.5,0.5,10,8,16,1000,5,3,152.5,0.993485342019544,1.0,0.9967320261437909,915.0,0.0,0.0,0.0,6.0,0,915,0,6,0.5,2023_10_21_19_30_34_824423,57.993017 total sec (00h 00m 57s)
Linux,nixos,6.1.57,#1-NixOS SMP PREEMPT_DYNAMIC Tue Oct 10 20:00:46 UTC 2023,x86_64,,14,20,67171385344,46763790336,2023_10_21_19_29_38_677704,41,random-forest-pipeline,/home/onyr/code/phdtrack/mem2graph/data/5_filtered_graph_with_embedding_comments_-v_-a_chunk-header-node_-c_chunk-semantic-embedding_-e_min-of-chunk-treshold-entropy_-s_activate,"['node2vec', 'chunk']",128,16,100,0.5,1.0,10,8,16,500,5,3,152.5,0.993485342019544,1.0,0.9967320261437909,915.0,0.0,0.0,0.0,6.0,0,915,0,6,0.5,2023_10_21_19_30_35_853977,57.176273 total sec (00h 00m 57s)
Linux,nixos,6.1.57,#1-NixOS SMP PREEMPT_DYNAMIC Tue Oct 10 20:00:46 UTC 2023,x86_64,,14,20,67171385344,46728634368,2023_10_21_19_30_31_774166,42,random-forest-pipeline,/home/onyr/code/phdtrack/mem2graph/data/5_filtered_graph_with_embedding_comments_-v_-a_chunk-header-node_-c_chunk-semantic-embedding_-e_min-of-chunk-treshold-entropy_-s_activate,"['node2vec', 'chunk']",128,16,100,0.5,1.0,10,8,16,1000,5,3,152.5,0.993485342019544,1.0,0.9967320261437909,915.0,0.0,0.0,0.0,6.0,0,915,0,6,0.5,2023_10_21_19_31_29_828515,58.054349 total sec (00h 00m 58s)
Linux,nixos,6.1.57,#1-NixOS SMP PREEMPT_DYNAMIC Tue Oct 10 20:00:46 UTC 2023,x86_64,,14,20,67171385344,46699511808,2023_10_21_19_30_34_269411,44,random-forest-pipeline,/home/onyr/code/phdtrack/mem2graph/data/5_filtered_graph_with_embedding_comments_-v_-a_chunk-header-node_-c_chunk-semantic-embedding_-e_min-of-chunk-treshold-entropy_-s_activate,"['node2vec', 'chunk']",128,16,100,0.5,1.5,10,8,16,100,5,3,152.5,0.993485342019544,1.0,0.9967320261437909,915.0,0.0,0.0,0.0,6.0,0,915,0,6,0.5,2023_10_21_19_31_30_950290,56.680879 total sec (00h 00m 56s)
Linux,nixos,6.1.57,#1-NixOS SMP PREEMPT_DYNAMIC Tue Oct 10 20:00:46 UTC 2023,x86_64,,14,20,67171385344,46690418688,2023_10_21_19_30_34_598831,45,random-forest-pipeline,/home/onyr/code/phdtrack/mem2graph/data/5_filtered_graph_with_embedding_comments_-v_-a_chunk-header-node_-c_chunk-semantic-embedding_-e_min-of-chunk-treshold-entropy_-s_activate,"['node2vec', 'chunk']",128,16,100,0.5,1.5,10,8,16,500,5,3,152.5,0.993485342019544,1.0,0.9967320261437909,915.0,0.0,0.0,0.0,6.0,0,915,0,6,0.5,2023_10_21_19_31_31_890355,57.291524 total sec (00h 00m 57s)
Linux,nixos,6.1.57,#1-NixOS SMP PREEMPT_DYNAMIC Tue Oct 10 20:00:46 UTC 2023,x86_64,,14,20,67171385344,46698536960,2023_10_21_19_30_34_826848,46,random-forest-pipeline,/home/onyr/code/phdtrack/mem2graph/data/5_filtered_graph_with_embedding_comments_-v_-a_chunk-header-node_-c_chunk-semantic-embedding_-e_min-of-chunk-treshold-entropy_-s_activate,"['node2vec', 'chunk']",128,16,100,0.5,1.5,10,8,16,1000,5,3,152.5,0.993485342019544,1.0,0.9967320261437909,915.0,0.0,0.0,0.0,6.0,0,915,0,6,0.5,2023_10_21_19_31_33_397041,58.570193 total sec (00h 00m 58s)
Linux,nixos,6.1.57,#1-NixOS SMP PREEMPT_DYNAMIC Tue Oct 10 20:00:46 UTC 2023,x86_64,,14,20,67171385344,47913537536,2023_10_21_19_31_29_458000,48,random-forest-pipeline,/home/onyr/code/phdtrack/mem2graph/data/5_filtered_graph_with_embedding_comments_-v_-a_chunk-header-node_-c_chunk-semantic-embedding_-e_min-of-chunk-treshold-entropy_-s_activate,"['node2vec', 'chunk']",128,16,100,1.0,0.5,10,8,16,100,5,3,152.5,0.993485342019544,1.0,0.9967320261437909,915.0,0.0,0.0,0.0,6.0,0,915,0,6,0.5,2023_10_21_19_32_28_775806,59.317806 total sec (00h 00m 59s)
Linux,nixos,6.1.57,#1-NixOS SMP PREEMPT_DYNAMIC Tue Oct 10 20:00:46 UTC 2023,x86_64,,14,20,67171385344,47893999616,2023_10_21_19_31_29_830521,49,random-forest-pipeline,/home/onyr/code/phdtrack/mem2graph/data/5_filtered_graph_with_embedding_comments_-v_-a_chunk-header-node_-c_chunk-semantic-embedding_-e_min-of-chunk-treshold-entropy_-s_activate,"['node2vec', 'chunk']",128,16,100,1.0,0.5,10,8,16,500,5,3,152.5,0.993485342019544,1.0,0.9967320261437909,915.0,0.0,0.0,0.0,6.0,0,915,0,6,0.5,2023_10_21_19_32_30_090997,60.260476 total sec (00h 01m 00s)
Linux,nixos,6.1.57,#1-NixOS SMP PREEMPT_DYNAMIC Tue Oct 10 20:00:46 UTC 2023,x86_64,,14,20,67171385344,47867383808,2023_10_21_19_31_31_989333,52,random-forest-pipeline,/home/onyr/code/phdtrack/mem2graph/data/5_filtered_graph_with_embedding_comments_-v_-a_chunk-header-node_-c_chunk-semantic-embedding_-e_min-of-chunk-treshold-entropy_-s_activate,"['node2vec', 'chunk']",128,16,100,1.0,1.0,10,8,16,100,5,3,152.5,0.993485342019544,1.0,0.9967320261437909,915.0,0.0,0.0,0.0,6.0,0,915,0,6,0.5,2023_10_21_19_32_31_249842,59.260509 total sec (00h 00m 59s)
Linux,nixos,6.1.57,#1-NixOS SMP PREEMPT_DYNAMIC Tue Oct 10 20:00:46 UTC 2023,x86_64,,14,20,67171385344,47899078656,2023_10_21_19_31_30_951748,50,random-forest-pipeline,/home/onyr/code/phdtrack/mem2graph/data/5_filtered_graph_with_embedding_comments_-v_-a_chunk-header-node_-c_chunk-semantic-embedding_-e_min-of-chunk-treshold-entropy_-s_activate,"['node2vec', 'chunk']",128,16,100,1.0,0.5,10,8,16,1000,5,3,152.5,0.993485342019544,1.0,0.9967320261437909,915.0,0.0,0.0,0.0,6.0,0,915,0,6,0.5,2023_10_21_19_32_32_246133,61.294385 total sec (00h 01m 01s)
Linux,nixos,6.1.57,#1-NixOS SMP PREEMPT_DYNAMIC Tue Oct 10 20:00:46 UTC 2023,x86_64,,14,20,67171385344,47923163136,2023_10_21_19_31_33_399044,53,random-forest-pipeline,/home/onyr/code/phdtrack/mem2graph/data/5_filtered_graph_with_embedding_comments_-v_-a_chunk-header-node_-c_chunk-semantic-embedding_-e_min-of-chunk-treshold-entropy_-s_activate,"['node2vec', 'chunk']",128,16,100,1.0,1.0,10,8,16,500,5,3,152.5,0.993485342019544,1.0,0.9967320261437909,915.0,0.0,0.0,0.0,6.0,0,915,0,6,0.5,2023_10_21_19_32_33_771081,60.372037 total sec (00h 01m 00s)
Linux,nixos,6.1.57,#1-NixOS SMP PREEMPT_DYNAMIC Tue Oct 10 20:00:46 UTC 2023,x86_64,,14,20,67171385344,47251648512,2023_10_21_19_32_28_777228,54,random-forest-pipeline,/home/onyr/code/phdtrack/mem2graph/data/5_filtered_graph_with_embedding_comments_-v_-a_chunk-header-node_-c_chunk-semantic-embedding_-e_min-of-chunk-treshold-entropy_-s_activate,"['node2vec', 'chunk']",128,16,100,1.0,1.0,10,8,16,1000,5,3,152.5,0.993485342019544,1.0,0.9967320261437909,915.0,0.0,0.0,0.0,6.0,0,915,0,6,0.5,2023_10_21_19_33_28_797450,60.020222 total sec (00h 01m 00s)
Linux,nixos,6.1.57,#1-NixOS SMP PREEMPT_DYNAMIC Tue Oct 10 20:00:46 UTC 2023,x86_64,,14,20,67171385344,47164055552,2023_10_21_19_32_31_251567,56,random-forest-pipeline,/home/onyr/code/phdtrack/mem2graph/data/5_filtered_graph_with_embedding_comments_-v_-a_chunk-header-node_-c_chunk-semantic-embedding_-e_min-of-chunk-treshold-entropy_-s_activate,"['node2vec', 'chunk']",128,16,100,1.0,1.5,10,8,16,100,5,3,152.5,0.993485342019544,1.0,0.9967320261437909,915.0,0.0,0.0,0.0,6.0,0,915,0,6,0.5,2023_10_21_19_33_30_038506,58.786939 total sec (00h 00m 58s)
Linux,nixos,6.1.57,#1-NixOS SMP PREEMPT_DYNAMIC Tue Oct 10 20:00:46 UTC 2023,x86_64,,14,20,67171385344,47178268672,2023_10_21_19_32_31_721361,57,random-forest-pipeline,/home/onyr/code/phdtrack/mem2graph/data/5_filtered_graph_with_embedding_comments_-v_-a_chunk-header-node_-c_chunk-semantic-embedding_-e_min-of-chunk-treshold-entropy_-s_activate,"['node2vec', 'chunk']",128,16,100,1.0,1.5,10,8,16,500,5,3,152.5,0.993485342019544,1.0,0.9967320261437909,915.0,0.0,0.0,0.0,6.0,0,915,0,6,0.5,2023_10_21_19_33_30_997905,59.276544 total sec (00h 00m 59s)
Linux,nixos,6.1.57,#1-NixOS SMP PREEMPT_DYNAMIC Tue Oct 10 20:00:46 UTC 2023,x86_64,,14,20,67171385344,47143469056,2023_10_21_19_32_32_249577,58,random-forest-pipeline,/home/onyr/code/phdtrack/mem2graph/data/5_filtered_graph_with_embedding_comments_-v_-a_chunk-header-node_-c_chunk-semantic-embedding_-e_min-of-chunk-treshold-entropy_-s_activate,"['node2vec', 'chunk']",128,16,100,1.0,1.5,10,8,16,1000,5,3,152.5,0.993485342019544,1.0,0.9967320261437909,915.0,0.0,0.0,0.0,6.0,0,915,0,6,0.5,2023_10_21_19_33_32_834044,60.584467 total sec (00h 01m 00s)
